run_id,family,q_nominal,drift_v,q_actual,classification,D_min,D_final,relapse_start_step,relapse_confirmation_step,time_to_relapse,recapture_latency,recapture_slope_net,recapture_slope_active,corrective_before_failure,contradictory_before_failure,corrective_accepted_before_failure,contradictory_accepted_before_failure
stationary_qNone_vNone_orderNone_seed7,stationary,,,0.5,A_genuine_revision_candidate,0.0,0.0,,,,,,,,,,
stationary_qNone_vNone_orderNone_seed17,stationary,,,0.5,A_genuine_revision_candidate,0.0,0.0,,,,,,,,,,
stationary_qNone_vNone_orderNone_seed29,stationary,,,0.5,A_genuine_revision_candidate,0.0,0.0,,,,,,,,,,
stationary_qNone_vNone_orderNone_seed41,stationary,,,0.5,A_genuine_revision_candidate,0.0,0.0,,,,,,,,,,
stationary_qNone_vNone_orderNone_seed53,stationary,,,0.5,A_genuine_revision_candidate,0.0,0.0,,,,,,,,,,
descending_bridge_qNone_vNone_orderNone_seed7,descending_bridge,,,0.9875,E_relapse,0.0,1.0,39,43,39,39,0.02435897435897436,0.024999999999999998,1,77,1,38
descending_bridge_qNone_vNone_orderNone_seed17,descending_bridge,,,0.9875,E_relapse,0.0,1.0,39,43,39,39,0.02435897435897436,0.024999999999999998,1,77,1,38
descending_bridge_qNone_vNone_orderNone_seed29,descending_bridge,,,0.9875,E_relapse,0.0,1.0,39,43,39,39,0.02435897435897436,0.024999999999999998,1,77,1,38
descending_bridge_qNone_vNone_orderNone_seed41,descending_bridge,,,0.9875,E_relapse,0.0,1.0,39,43,39,39,0.02435897435897436,0.024999999999999998,1,77,1,38
descending_bridge_qNone_vNone_orderNone_seed53,descending_bridge,,,0.9875,E_relapse,0.0,1.0,39,43,39,39,0.02435897435897436,0.024999999999999998,1,77,1,38
no_input_qNone_vNone_orderNone_seed7,no_input,,,,A_genuine_revision_candidate,0.0,0.0,,,,,,,,,,
no_input_qNone_vNone_orderNone_seed17,no_input,,,,A_genuine_revision_candidate,0.0,0.0,,,,,,,,,,
no_input_qNone_vNone_orderNone_seed29,no_input,,,,A_genuine_revision_candidate,0.0,0.0,,,,,,,,,,
no_input_qNone_vNone_orderNone_seed41,no_input,,,,A_genuine_revision_candidate,0.0,0.0,,,,,,,,,,
no_input_qNone_vNone_orderNone_seed53,no_input,,,,A_genuine_revision_candidate,0.0,0.0,,,,,,,,,,
noisy_corrective_qNone_vNone_orderNone_seed7,noisy_corrective,,,0.5083333333333333,A_genuine_revision_candidate,0.0,0.024344963688919807,,,,,,,,,,
noisy_corrective_qNone_vNone_orderNone_seed17,noisy_corrective,,,0.5666666666666667,A_genuine_revision_candidate,0.0,0.0,,,,,,,,,,
noisy_corrective_qNone_vNone_orderNone_seed29,noisy_corrective,,,0.5833333333333334,A_genuine_revision_candidate,0.0,0.058201043802298735,,,,,,,,,,
noisy_corrective_qNone_vNone_orderNone_seed41,noisy_corrective,,,0.4583333333333333,A_genuine_revision_candidate,0.0,0.07993052650268129,,,,,,,,,,
noisy_corrective_qNone_vNone_orderNone_seed53,noisy_corrective,,,0.45,A_genuine_revision_candidate,0.0,0.0,,,,,,,,,,
abrupt_return_q0_vNone_orderNone_seed7,abrupt_return,0,,0.0,A_genuine_revision_candidate,0.0,0.0,,,,,,,,,,
abrupt_return_q0_vNone_orderNone_seed17,abrupt_return,0,,0.0,A_genuine_revision_candidate,0.0,0.0,,,,,,,,,,
abrupt_return_q0_vNone_orderNone_seed29,abrupt_return,0,,0.0,A_genuine_revision_candidate,0.0,0.0,,,,,,,,,,
abrupt_return_q0_vNone_orderNone_seed41,abrupt_return,0,,0.0,A_genuine_revision_candidate,0.0,0.0,,,,,,,,,,
abrupt_return_q0_vNone_orderNone_seed53,abrupt_return,0,,0.0,A_genuine_revision_candidate,0.0,0.0,,,,,,,,,,
abrupt_return_q0.1_vNone_orderNone_seed7,abrupt_return,0.1,,0.1,A_genuine_revision_candidate,0.0,0.0,,,,,,,,,,
abrupt_return_q0.1_vNone_orderNone_seed17,abrupt_return,0.1,,0.1,A_genuine_revision_candidate,0.0,0.0,,,,,,,,,,
abrupt_return_q0.1_vNone_orderNone_seed29,abrupt_return,0.1,,0.1,A_genuine_revision_candidate,0.0,0.0,,,,,,,,,,
abrupt_return_q0.1_vNone_orderNone_seed41,abrupt_return,0.1,,0.1,A_genuine_revision_candidate,0.0,0.0,,,,,,,,,,
abrupt_return_q0.1_vNone_orderNone_seed53,abrupt_return,0.1,,0.1,A_genuine_revision_candidate,0.0,0.0,,,,,,,,,,
abrupt_return_q0.25_vNone_orderNone_seed7,abrupt_return,0.25,,0.25,A_genuine_revision_candidate,0.0,0.0,,,,,,,,,,
abrupt_return_q0.25_vNone_orderNone_seed17,abrupt_return,0.25,,0.25,A_genuine_revision_candidate,0.0,0.0,,,,,,,,,,
abrupt_return_q0.25_vNone_orderNone_seed29,abrupt_return,0.25,,0.25,A_genuine_revision_candidate,0.0,0.0,,,,,,,,,,
abrupt_return_q0.25_vNone_orderNone_seed41,abrupt_return,0.25,,0.25,A_genuine_revision_candidate,0.0,0.0,,,,,,,,,,
abrupt_return_q0.25_vNone_orderNone_seed53,abrupt_return,0.25,,0.25,A_genuine_revision_candidate,0.0,0.0,,,,,,,,,,
abrupt_return_q0.5_vNone_orderNone_seed7,abrupt_return,0.5,,0.5,A_genuine_revision_candidate,0.0,0.0,,,,,,,,,,
abrupt_return_q0.5_vNone_orderNone_seed17,abrupt_return,0.5,,0.5,A_genuine_revision_candidate,0.0,0.0,,,,,,,,,,
abrupt_return_q0.5_vNone_orderNone_seed29,abrupt_return,0.5,,0.5,A_genuine_revision_candidate,0.0,0.0,,,,,,,,,,
abrupt_return_q0.5_vNone_orderNone_seed41,abrupt_return,0.5,,0.5,A_genuine_revision_candidate,0.0,0.0,,,,,,,,,,
abrupt_return_q0.5_vNone_orderNone_seed53,abrupt_return,0.5,,0.5,A_genuine_revision_candidate,0.0,0.0,,,,,,,,,,
abrupt_return_q0.75_vNone_orderNone_seed7,abrupt_return,0.75,,0.75,A_genuine_revision_candidate,0.0,0.0,,,,,,,,,,
abrupt_return_q0.75_vNone_orderNone_seed17,abrupt_return,0.75,,0.75,A_genuine_revision_candidate,0.0,0.0,,,,,,,,,,
abrupt_return_q0.75_vNone_orderNone_seed29,abrupt_return,0.75,,0.75,A_genuine_revision_candidate,0.0,0.0,,,,,,,,,,
abrupt_return_q0.75_vNone_orderNone_seed41,abrupt_return,0.75,,0.75,A_genuine_revision_candidate,0.0,0.0,,,,,,,,,,
abrupt_return_q0.75_vNone_orderNone_seed53,abrupt_return,0.75,,0.75,A_genuine_revision_candidate,0.0,0.0,,,,,,,,,,
abrupt_return_q0.9_vNone_orderNone_seed7,abrupt_return,0.9,,0.9,A_genuine_revision_candidate,0.0,0.0,,,,,,,,,,
abrupt_return_q0.9_vNone_orderNone_seed17,abrupt_return,0.9,,0.9,A_genuine_revision_candidate,0.0,0.0,,,,,,,,,,
abrupt_return_q0.9_vNone_orderNone_seed29,abrupt_return,0.9,,0.9,A_genuine_revision_candidate,0.0,0.0,,,,,,,,,,
abrupt_return_q0.9_vNone_orderNone_seed41,abrupt_return,0.9,,0.9,A_genuine_revision_candidate,0.0,0.0,,,,,,,,,,
abrupt_return_q0.9_vNone_orderNone_seed53,abrupt_return,0.9,,0.9,A_genuine_revision_candidate,0.0,0.0,,,,,,,,,,
abrupt_return_q1.0_vNone_orderNone_seed7,abrupt_return,1.0,,1.0,A_genuine_revision_candidate,0.0,0.0,,,,,,,,,,
abrupt_return_q1.0_vNone_orderNone_seed17,abrupt_return,1.0,,1.0,A_genuine_revision_candidate,0.0,0.0,,,,,,,,,,
abrupt_return_q1.0_vNone_orderNone_seed29,abrupt_return,1.0,,1.0,A_genuine_revision_candidate,0.0,0.0,,,,,,,,,,
abrupt_return_q1.0_vNone_orderNone_seed41,abrupt_return,1.0,,1.0,A_genuine_revision_candidate,0.0,0.0,,,,,,,,,,
abrupt_return_q1.0_vNone_orderNone_seed53,abrupt_return,1.0,,1.0,A_genuine_revision_candidate,0.0,0.0,,,,,,,,,,
gradual_drift_q0_v0.01_orderNone_seed7,gradual_drift,0,0.01,0.0,A_genuine_revision_candidate,0.0,0.0,,,,,,,,,,
gradual_drift_q0_v0.01_orderNone_seed17,gradual_drift,0,0.01,0.0,A_genuine_revision_candidate,0.0,0.0,,,,,,,,,,
gradual_drift_q0_v0.01_orderNone_seed29,gradual_drift,0,0.01,0.0,A_genuine_revision_candidate,0.0,0.0,,,,,,,,,,
gradual_drift_q0_v0.01_orderNone_seed41,gradual_drift,0,0.01,0.0,A_genuine_revision_candidate,0.0,0.0,,,,,,,,,,
gradual_drift_q0_v0.01_orderNone_seed53,gradual_drift,0,0.01,0.0,A_genuine_revision_candidate,0.0,0.0,,,,,,,,,,
gradual_drift_q0.1_v0.01_orderNone_seed7,gradual_drift,0.1,0.01,0.1,A_genuine_revision_candidate,0.0,0.0,,,,,,,,,,
gradual_drift_q0.1_v0.01_orderNone_seed17,gradual_drift,0.1,0.01,0.1,A_genuine_revision_candidate,0.0,0.0,,,,,,,,,,
gradual_drift_q0.1_v0.01_orderNone_seed29,gradual_drift,0.1,0.01,0.1,A_genuine_revision_candidate,0.0,0.0,,,,,,,,,,
gradual_drift_q0.1_v0.01_orderNone_seed41,gradual_drift,0.1,0.01,0.1,A_genuine_revision_candidate,0.0,0.0,,,,,,,,,,
gradual_drift_q0.1_v0.01_orderNone_seed53,gradual_drift,0.1,0.01,0.1,A_genuine_revision_candidate,0.0,0.0,,,,,,,,,,
gradual_drift_q0.25_v0.01_orderNone_seed7,gradual_drift,0.25,0.01,0.25,A_genuine_revision_candidate,0.0,0.0,,,,,,,,,,
gradual_drift_q0.25_v0.01_orderNone_seed17,gradual_drift,0.25,0.01,0.25,A_genuine_revision_candidate,0.0,0.0,,,,,,,,,,
gradual_drift_q0.25_v0.01_orderNone_seed29,gradual_drift,0.25,0.01,0.25,A_genuine_revision_candidate,0.0,0.0,,,,,,,,,,
gradual_drift_q0.25_v0.01_orderNone_seed41,gradual_drift,0.25,0.01,0.25,A_genuine_revision_candidate,0.0,0.0,,,,,,,,,,
gradual_drift_q0.25_v0.01_orderNone_seed53,gradual_drift,0.25,0.01,0.25,A_genuine_revision_candidate,0.0,0.0,,,,,,,,,,
gradual_drift_q0.5_v0.01_orderNone_seed7,gradual_drift,0.5,0.01,0.5,A_genuine_revision_candidate,0.0,0.0,,,,,,,,,,
gradual_drift_q0.5_v0.01_orderNone_seed17,gradual_drift,0.5,0.01,0.5,A_genuine_revision_candidate,0.0,0.0,,,,,,,,,,
gradual_drift_q0.5_v0.01_orderNone_seed29,gradual_drift,0.5,0.01,0.5,A_genuine_revision_candidate,0.0,0.0,,,,,,,,,,
gradual_drift_q0.5_v0.01_orderNone_seed41,gradual_drift,0.5,0.01,0.5,A_genuine_revision_candidate,0.0,0.0,,,,,,,,,,
gradual_drift_q0.5_v0.01_orderNone_seed53,gradual_drift,0.5,0.01,0.5,A_genuine_revision_candidate,0.0,0.0,,,,,,,,,,
gradual_drift_q0.75_v0.01_orderNone_seed7,gradual_drift,0.75,0.01,0.75,A_genuine_revision_candidate,0.0,0.0,,,,,,,,,,
gradual_drift_q0.75_v0.01_orderNone_seed17,gradual_drift,0.75,0.01,0.75,A_genuine_revision_candidate,0.0,0.0,,,,,,,,,,
gradual_drift_q0.75_v0.01_orderNone_seed29,gradual_drift,0.75,0.01,0.75,A_genuine_revision_candidate,0.0,0.0,,,,,,,,,,
gradual_drift_q0.75_v0.01_orderNone_seed41,gradual_drift,0.75,0.01,0.75,A_genuine_revision_candidate,0.0,0.0,,,,,,,,,,
gradual_drift_q0.75_v0.01_orderNone_seed53,gradual_drift,0.75,0.01,0.75,A_genuine_revision_candidate,0.0,0.0,,,,,,,,,,
gradual_drift_q0.9_v0.01_orderNone_seed7,gradual_drift,0.9,0.01,0.9,E_relapse,0.0,1.0,95,99,95,95,0.01,0.011176470588235295,10,85,1,85
gradual_drift_q0.9_v0.01_orderNone_seed17,gradual_drift,0.9,0.01,0.9,E_relapse,0.0,1.0,95,99,95,95,0.01,0.011176470588235295,10,85,1,85
gradual_drift_q0.9_v0.01_orderNone_seed29,gradual_drift,0.9,0.01,0.9,E_relapse,0.0,1.0,95,99,95,95,0.01,0.011176470588235295,10,85,1,85
gradual_drift_q0.9_v0.01_orderNone_seed41,gradual_drift,0.9,0.01,0.9,E_relapse,0.0,1.0,95,99,95,95,0.01,0.011176470588235295,10,85,1,85
gradual_drift_q0.9_v0.01_orderNone_seed53,gradual_drift,0.9,0.01,0.9,E_relapse,0.0,1.0,95,99,95,95,0.01,0.011176470588235295,10,85,1,85
gradual_drift_q1.0_v0.01_orderNone_seed7,gradual_drift,1.0,0.01,1.0,E_relapse,0.0,1.0,95,99,95,95,0.01,0.01,0,95,0,95
gradual_drift_q1.0_v0.01_orderNone_seed17,gradual_drift,1.0,0.01,1.0,E_relapse,0.0,1.0,95,99,95,95,0.01,0.01,0,95,0,95
gradual_drift_q1.0_v0.01_orderNone_seed29,gradual_drift,1.0,0.01,1.0,E_relapse,0.0,1.0,95,99,95,95,0.01,0.01,0,95,0,95
gradual_drift_q1.0_v0.01_orderNone_seed41,gradual_drift,1.0,0.01,1.0,E_relapse,0.0,1.0,95,99,95,95,0.01,0.01,0,95,0,95
gradual_drift_q1.0_v0.01_orderNone_seed53,gradual_drift,1.0,0.01,1.0,E_relapse,0.0,1.0,95,99,95,95,0.01,0.01,0,95,0,95
gradual_drift_q0_v0.025_orderNone_seed7,gradual_drift,0,0.025,0.0,A_genuine_revision_candidate,0.0,0.0,,,,,,,,,,
gradual_drift_q0_v0.025_orderNone_seed17,gradual_drift,0,0.025,0.0,A_genuine_revision_candidate,0.0,0.0,,,,,,,,,,
gradual_drift_q0_v0.025_orderNone_seed29,gradual_drift,0,0.025,0.0,A_genuine_revision_candidate,0.0,0.0,,,,,,,,,,
gradual_drift_q0_v0.025_orderNone_seed41,gradual_drift,0,0.025,0.0,A_genuine_revision_candidate,0.0,0.0,,,,,,,,,,
gradual_drift_q0_v0.025_orderNone_seed53,gradual_drift,0,0.025,0.0,A_genuine_revision_candidate,0.0,0.0,,,,,,,,,,
gradual_drift_q0.1_v0.025_orderNone_seed7,gradual_drift,0.1,0.025,0.1,A_genuine_revision_candidate,0.0,0.0,,,,,,,,,,
gradual_drift_q0.1_v0.025_orderNone_seed17,gradual_drift,0.1,0.025,0.1,A_genuine_revision_candidate,0.0,0.0,,,,,,,,,,
gradual_drift_q0.1_v0.025_orderNone_seed29,gradual_drift,0.1,0.025,0.1,A_genuine_revision_candidate,0.0,0.0,,,,,,,,,,
gradual_drift_q0.1_v0.025_orderNone_seed41,gradual_drift,0.1,0.025,0.1,A_genuine_revision_candidate,0.0,0.0,,,,,,,,,,
gradual_drift_q0.1_v0.025_orderNone_seed53,gradual_drift,0.1,0.025,0.1,A_genuine_revision_candidate,0.0,0.0,,,,,,,,,,
gradual_drift_q0.25_v0.025_orderNone_seed7,gradual_drift,0.25,0.025,0.25,A_genuine_revision_candidate,0.0,0.0,,,,,,,,,,
gradual_drift_q0.25_v0.025_orderNone_seed17,gradual_drift,0.25,0.025,0.25,A_genuine_revision_candidate,0.0,0.0,,,,,,,,,,
gradual_drift_q0.25_v0.025_orderNone_seed29,gradual_drift,0.25,0.025,0.25,A_genuine_revision_candidate,0.0,0.0,,,,,,,,,,
gradual_drift_q0.25_v0.025_orderNone_seed41,gradual_drift,0.25,0.025,0.25,A_genuine_revision_candidate,0.0,0.0,,,,,,,,,,
gradual_drift_q0.25_v0.025_orderNone_seed53,gradual_drift,0.25,0.025,0.25,A_genuine_revision_candidate,0.0,0.0,,,,,,,,,,
gradual_drift_q0.5_v0.025_orderNone_seed7,gradual_drift,0.5,0.025,0.5,A_genuine_revision_candidate,0.0,0.0,,,,,,,,,,
gradual_drift_q0.5_v0.025_orderNone_seed17,gradual_drift,0.5,0.025,0.5,A_genuine_revision_candidate,0.0,0.0,,,,,,,,,,
gradual_drift_q0.5_v0.025_orderNone_seed29,gradual_drift,0.5,0.025,0.5,A_genuine_revision_candidate,0.0,0.0,,,,,,,,,,
gradual_drift_q0.5_v0.025_orderNone_seed41,gradual_drift,0.5,0.025,0.5,A_genuine_revision_candidate,0.0,0.0,,,,,,,,,,
gradual_drift_q0.5_v0.025_orderNone_seed53,gradual_drift,0.5,0.025,0.5,A_genuine_revision_candidate,0.0,0.0,,,,,,,,,,
gradual_drift_q0.75_v0.025_orderNone_seed7,gradual_drift,0.75,0.025,0.75,A_genuine_revision_candidate,0.0,0.0,,,,,,,,,,
gradual_drift_q0.75_v0.025_orderNone_seed17,gradual_drift,0.75,0.025,0.75,A_genuine_revision_candidate,0.0,0.0,,,,,,,,,,
gradual_drift_q0.75_v0.025_orderNone_seed29,gradual_drift,0.75,0.025,0.75,A_genuine_revision_candidate,0.0,0.0,,,,,,,,,,
gradual_drift_q0.75_v0.025_orderNone_seed41,gradual_drift,0.75,0.025,0.75,A_genuine_revision_candidate,0.0,0.0,,,,,,,,,,
gradual_drift_q0.75_v0.025_orderNone_seed53,gradual_drift,0.75,0.025,0.75,A_genuine_revision_candidate,0.0,0.0,,,,,,,,,,
gradual_drift_q0.9_v0.025_orderNone_seed7,gradual_drift,0.9,0.025,0.9,A_genuine_revision_candidate,0.0,0.0,,,,,,,,,,
gradual_drift_q0.9_v0.025_orderNone_seed17,gradual_drift,0.9,0.025,0.9,A_genuine_revision_candidate,0.0,0.0,,,,,,,,,,
gradual_drift_q0.9_v0.025_orderNone_seed29,gradual_drift,0.9,0.025,0.9,A_genuine_revision_candidate,0.0,0.0,,,,,,,,,,
gradual_drift_q0.9_v0.025_orderNone_seed41,gradual_drift,0.9,0.025,0.9,A_genuine_revision_candidate,0.0,0.0,,,,,,,,,,
gradual_drift_q0.9_v0.025_orderNone_seed53,gradual_drift,0.9,0.025,0.9,A_genuine_revision_candidate,0.0,0.0,,,,,,,,,,
gradual_drift_q1.0_v0.025_orderNone_seed7,gradual_drift,1.0,0.025,1.0,E_relapse,0.0,1.0,38,42,38,38,0.025,0.025,0,38,0,38
gradual_drift_q1.0_v0.025_orderNone_seed17,gradual_drift,1.0,0.025,1.0,E_relapse,0.0,1.0,38,42,38,38,0.025,0.025,0,38,0,38
gradual_drift_q1.0_v0.025_orderNone_seed29,gradual_drift,1.0,0.025,1.0,E_relapse,0.0,1.0,38,42,38,38,0.025,0.025,0,38,0,38
gradual_drift_q1.0_v0.025_orderNone_seed41,gradual_drift,1.0,0.025,1.0,E_relapse,0.0,1.0,38,42,38,38,0.025,0.025,0,38,0,38
gradual_drift_q1.0_v0.025_orderNone_seed53,gradual_drift,1.0,0.025,1.0,E_relapse,0.0,1.0,38,42,38,38,0.025,0.025,0,38,0,38
gradual_drift_q0_v0.04_orderNone_seed7,gradual_drift,0,0.04,0.0,A_genuine_revision_candidate,0.0,0.0,,,,,,,,,,
gradual_drift_q0_v0.04_orderNone_seed17,gradual_drift,0,0.04,0.0,A_genuine_revision_candidate,0.0,0.0,,,,,,,,,,
gradual_drift_q0_v0.04_orderNone_seed29,gradual_drift,0,0.04,0.0,A_genuine_revision_candidate,0.0,0.0,,,,,,,,,,
gradual_drift_q0_v0.04_orderNone_seed41,gradual_drift,0,0.04,0.0,A_genuine_revision_candidate,0.0,0.0,,,,,,,,,,
gradual_drift_q0_v0.04_orderNone_seed53,gradual_drift,0,0.04,0.0,A_genuine_revision_candidate,0.0,0.0,,,,,,,,,,
gradual_drift_q0.1_v0.04_orderNone_seed7,gradual_drift,0.1,0.04,0.1,A_genuine_revision_candidate,0.0,0.0,,,,,,,,,,
gradual_drift_q0.1_v0.04_orderNone_seed17,gradual_drift,0.1,0.04,0.1,A_genuine_revision_candidate,0.0,0.0,,,,,,,,,,
gradual_drift_q0.1_v0.04_orderNone_seed29,gradual_drift,0.1,0.04,0.1,A_genuine_revision_candidate,0.0,0.0,,,,,,,,,,
gradual_drift_q0.1_v0.04_orderNone_seed41,gradual_drift,0.1,0.04,0.1,A_genuine_revision_candidate,0.0,0.0,,,,,,,,,,
gradual_drift_q0.1_v0.04_orderNone_seed53,gradual_drift,0.1,0.04,0.1,A_genuine_revision_candidate,0.0,0.0,,,,,,,,,,
gradual_drift_q0.25_v0.04_orderNone_seed7,gradual_drift,0.25,0.04,0.25,A_genuine_revision_candidate,0.0,0.0,,,,,,,,,,
gradual_drift_q0.25_v0.04_orderNone_seed17,gradual_drift,0.25,0.04,0.25,A_genuine_revision_candidate,0.0,0.0,,,,,,,,,,
gradual_drift_q0.25_v0.04_orderNone_seed29,gradual_drift,0.25,0.04,0.25,A_genuine_revision_candidate,0.0,0.0,,,,,,,,,,
gradual_drift_q0.25_v0.04_orderNone_seed41,gradual_drift,0.25,0.04,0.25,A_genuine_revision_candidate,0.0,0.0,,,,,,,,,,
gradual_drift_q0.25_v0.04_orderNone_seed53,gradual_drift,0.25,0.04,0.25,A_genuine_revision_candidate,0.0,0.0,,,,,,,,,,
gradual_drift_q0.5_v0.04_orderNone_seed7,gradual_drift,0.5,0.04,0.5,A_genuine_revision_candidate,0.0,0.0,,,,,,,,,,
gradual_drift_q0.5_v0.04_orderNone_seed17,gradual_drift,0.5,0.04,0.5,A_genuine_revision_candidate,0.0,0.0,,,,,,,,,,
gradual_drift_q0.5_v0.04_orderNone_seed29,gradual_drift,0.5,0.04,0.5,A_genuine_revision_candidate,0.0,0.0,,,,,,,,,,
gradual_drift_q0.5_v0.04_orderNone_seed41,gradual_drift,0.5,0.04,0.5,A_genuine_revision_candidate,0.0,0.0,,,,,,,,,,
gradual_drift_q0.5_v0.04_orderNone_seed53,gradual_drift,0.5,0.04,0.5,A_genuine_revision_candidate,0.0,0.0,,,,,,,,,,
gradual_drift_q0.75_v0.04_orderNone_seed7,gradual_drift,0.75,0.04,0.75,A_genuine_revision_candidate,0.0,0.0,,,,,,,,,,
gradual_drift_q0.75_v0.04_orderNone_seed17,gradual_drift,0.75,0.04,0.75,A_genuine_revision_candidate,0.0,0.0,,,,,,,,,,
gradual_drift_q0.75_v0.04_orderNone_seed29,gradual_drift,0.75,0.04,0.75,A_genuine_revision_candidate,0.0,0.0,,,,,,,,,,
gradual_drift_q0.75_v0.04_orderNone_seed41,gradual_drift,0.75,0.04,0.75,A_genuine_revision_candidate,0.0,0.0,,,,,,,,,,
gradual_drift_q0.75_v0.04_orderNone_seed53,gradual_drift,0.75,0.04,0.75,A_genuine_revision_candidate,0.0,0.0,,,,,,,,,,
gradual_drift_q0.9_v0.04_orderNone_seed7,gradual_drift,0.9,0.04,0.9,A_genuine_revision_candidate,0.0,0.0,,,,,,,,,,
gradual_drift_q0.9_v0.04_orderNone_seed17,gradual_drift,0.9,0.04,0.9,A_genuine_revision_candidate,0.0,0.0,,,,,,,,,,
gradual_drift_q0.9_v0.04_orderNone_seed29,gradual_drift,0.9,0.04,0.9,A_genuine_revision_candidate,0.0,0.0,,,,,,,,,,
gradual_drift_q0.9_v0.04_orderNone_seed41,gradual_drift,0.9,0.04,0.9,A_genuine_revision_candidate,0.0,0.0,,,,,,,,,,
gradual_drift_q0.9_v0.04_orderNone_seed53,gradual_drift,0.9,0.04,0.9,A_genuine_revision_candidate,0.0,0.0,,,,,,,,,,
gradual_drift_q1.0_v0.04_orderNone_seed7,gradual_drift,1.0,0.04,1.0,E_relapse,0.0,1.0,24,28,24,24,0.04,0.04,0,24,0,24
gradual_drift_q1.0_v0.04_orderNone_seed17,gradual_drift,1.0,0.04,1.0,E_relapse,0.0,1.0,24,28,24,24,0.04,0.04,0,24,0,24
gradual_drift_q1.0_v0.04_orderNone_seed29,gradual_drift,1.0,0.04,1.0,E_relapse,0.0,1.0,24,28,24,24,0.04,0.04,0,24,0,24
gradual_drift_q1.0_v0.04_orderNone_seed41,gradual_drift,1.0,0.04,1.0,E_relapse,0.0,1.0,24,28,24,24,0.04,0.04,0,24,0,24
gradual_drift_q1.0_v0.04_orderNone_seed53,gradual_drift,1.0,0.04,1.0,E_relapse,0.0,1.0,24,28,24,24,0.04,0.04,0,24,0,24
gradual_drift_q0_v0.049_orderNone_seed7,gradual_drift,0,0.049,0.0,A_genuine_revision_candidate,0.0,0.0,,,,,,,,,,
gradual_drift_q0_v0.049_orderNone_seed17,gradual_drift,0,0.049,0.0,A_genuine_revision_candidate,0.0,0.0,,,,,,,,,,
gradual_drift_q0_v0.049_orderNone_seed29,gradual_drift,0,0.049,0.0,A_genuine_revision_candidate,0.0,0.0,,,,,,,,,,
gradual_drift_q0_v0.049_orderNone_seed41,gradual_drift,0,0.049,0.0,A_genuine_revision_candidate,0.0,0.0,,,,,,,,,,
gradual_drift_q0_v0.049_orderNone_seed53,gradual_drift,0,0.049,0.0,A_genuine_revision_candidate,0.0,0.0,,,,,,,,,,
gradual_drift_q0.1_v0.049_orderNone_seed7,gradual_drift,0.1,0.049,0.1,A_genuine_revision_candidate,0.0,0.0,,,,,,,,,,
gradual_drift_q0.1_v0.049_orderNone_seed17,gradual_drift,0.1,0.049,0.1,A_genuine_revision_candidate,0.0,0.0,,,,,,,,,,
gradual_drift_q0.1_v0.049_orderNone_seed29,gradual_drift,0.1,0.049,0.1,A_genuine_revision_candidate,0.0,0.0,,,,,,,,,,
gradual_drift_q0.1_v0.049_orderNone_seed41,gradual_drift,0.1,0.049,0.1,A_genuine_revision_candidate,0.0,0.0,,,,,,,,,,
gradual_drift_q0.1_v0.049_orderNone_seed53,gradual_drift,0.1,0.049,0.1,A_genuine_revision_candidate,0.0,0.0,,,,,,,,,,
gradual_drift_q0.25_v0.049_orderNone_seed7,gradual_drift,0.25,0.049,0.25,A_genuine_revision_candidate,0.0,0.0,,,,,,,,,,
gradual_drift_q0.25_v0.049_orderNone_seed17,gradual_drift,0.25,0.049,0.25,A_genuine_revision_candidate,0.0,0.0,,,,,,,,,,
gradual_drift_q0.25_v0.049_orderNone_seed29,gradual_drift,0.25,0.049,0.25,A_genuine_revision_candidate,0.0,0.0,,,,,,,,,,
gradual_drift_q0.25_v0.049_orderNone_seed41,gradual_drift,0.25,0.049,0.25,A_genuine_revision_candidate,0.0,0.0,,,,,,,,,,
gradual_drift_q0.25_v0.049_orderNone_seed53,gradual_drift,0.25,0.049,0.25,A_genuine_revision_candidate,0.0,0.0,,,,,,,,,,
gradual_drift_q0.5_v0.049_orderNone_seed7,gradual_drift,0.5,0.049,0.5,A_genuine_revision_candidate,0.0,0.0,,,,,,,,,,
gradual_drift_q0.5_v0.049_orderNone_seed17,gradual_drift,0.5,0.049,0.5,A_genuine_revision_candidate,0.0,0.0,,,,,,,,,,
gradual_drift_q0.5_v0.049_orderNone_seed29,gradual_drift,0.5,0.049,0.5,A_genuine_revision_candidate,0.0,0.0,,,,,,,,,,
gradual_drift_q0.5_v0.049_orderNone_seed41,gradual_drift,0.5,0.049,0.5,A_genuine_revision_candidate,0.0,0.0,,,,,,,,,,
gradual_drift_q0.5_v0.049_orderNone_seed53,gradual_drift,0.5,0.049,0.5,A_genuine_revision_candidate,0.0,0.0,,,,,,,,,,
gradual_drift_q0.75_v0.049_orderNone_seed7,gradual_drift,0.75,0.049,0.75,A_genuine_revision_candidate,0.0,0.0,,,,,,,,,,
gradual_drift_q0.75_v0.049_orderNone_seed17,gradual_drift,0.75,0.049,0.75,A_genuine_revision_candidate,0.0,0.0,,,,,,,,,,
gradual_drift_q0.75_v0.049_orderNone_seed29,gradual_drift,0.75,0.049,0.75,A_genuine_revision_candidate,0.0,0.0,,,,,,,,,,
gradual_drift_q0.75_v0.049_orderNone_seed41,gradual_drift,0.75,0.049,0.75,A_genuine_revision_candidate,0.0,0.0,,,,,,,,,,
gradual_drift_q0.75_v0.049_orderNone_seed53,gradual_drift,0.75,0.049,0.75,A_genuine_revision_candidate,0.0,0.0,,,,,,,,,,
gradual_drift_q0.9_v0.049_orderNone_seed7,gradual_drift,0.9,0.049,0.9,A_genuine_revision_candidate,0.0,0.0,,,,,,,,,,
gradual_drift_q0.9_v0.049_orderNone_seed17,gradual_drift,0.9,0.049,0.9,A_genuine_revision_candidate,0.0,0.0,,,,,,,,,,
gradual_drift_q0.9_v0.049_orderNone_seed29,gradual_drift,0.9,0.049,0.9,A_genuine_revision_candidate,0.0,0.0,,,,,,,,,,
gradual_drift_q0.9_v0.049_orderNone_seed41,gradual_drift,0.9,0.049,0.9,A_genuine_revision_candidate,0.0,0.0,,,,,,,,,,
gradual_drift_q0.9_v0.049_orderNone_seed53,gradual_drift,0.9,0.049,0.9,A_genuine_revision_candidate,0.0,0.0,,,,,,,,,,
gradual_drift_q1.0_v0.049_orderNone_seed7,gradual_drift,1.0,0.049,1.0,E_relapse,0.0,1.0,20,24,20,20,0.049,0.049,0,20,0,20
gradual_drift_q1.0_v0.049_orderNone_seed17,gradual_drift,1.0,0.049,1.0,E_relapse,0.0,1.0,20,24,20,20,0.049,0.049,0,20,0,20
gradual_drift_q1.0_v0.049_orderNone_seed29,gradual_drift,1.0,0.049,1.0,E_relapse,0.0,1.0,20,24,20,20,0.049,0.049,0,20,0,20
gradual_drift_q1.0_v0.049_orderNone_seed41,gradual_drift,1.0,0.049,1.0,E_relapse,0.0,1.0,20,24,20,20,0.049,0.049,0,20,0,20
gradual_drift_q1.0_v0.049_orderNone_seed53,gradual_drift,1.0,0.049,1.0,E_relapse,0.0,1.0,20,24,20,20,0.049,0.049,0,20,0,20
gradual_drift_q0_v0.051_orderNone_seed7,gradual_drift,0,0.051,0.0,A_genuine_revision_candidate,0.0,0.0,,,,,,,,,,
gradual_drift_q0_v0.051_orderNone_seed17,gradual_drift,0,0.051,0.0,A_genuine_revision_candidate,0.0,0.0,,,,,,,,,,
gradual_drift_q0_v0.051_orderNone_seed29,gradual_drift,0,0.051,0.0,A_genuine_revision_candidate,0.0,0.0,,,,,,,,,,
gradual_drift_q0_v0.051_orderNone_seed41,gradual_drift,0,0.051,0.0,A_genuine_revision_candidate,0.0,0.0,,,,,,,,,,
gradual_drift_q0_v0.051_orderNone_seed53,gradual_drift,0,0.051,0.0,A_genuine_revision_candidate,0.0,0.0,,,,,,,,,,
gradual_drift_q0.1_v0.051_orderNone_seed7,gradual_drift,0.1,0.051,0.1,A_genuine_revision_candidate,0.0,0.0,,,,,,,,,,
gradual_drift_q0.1_v0.051_orderNone_seed17,gradual_drift,0.1,0.051,0.1,A_genuine_revision_candidate,0.0,0.0,,,,,,,,,,
gradual_drift_q0.1_v0.051_orderNone_seed29,gradual_drift,0.1,0.051,0.1,A_genuine_revision_candidate,0.0,0.0,,,,,,,,,,
gradual_drift_q0.1_v0.051_orderNone_seed41,gradual_drift,0.1,0.051,0.1,A_genuine_revision_candidate,0.0,0.0,,,,,,,,,,
gradual_drift_q0.1_v0.051_orderNone_seed53,gradual_drift,0.1,0.051,0.1,A_genuine_revision_candidate,0.0,0.0,,,,,,,,,,
gradual_drift_q0.25_v0.051_orderNone_seed7,gradual_drift,0.25,0.051,0.25,A_genuine_revision_candidate,0.0,0.0,,,,,,,,,,
gradual_drift_q0.25_v0.051_orderNone_seed17,gradual_drift,0.25,0.051,0.25,A_genuine_revision_candidate,0.0,0.0,,,,,,,,,,
gradual_drift_q0.25_v0.051_orderNone_seed29,gradual_drift,0.25,0.051,0.25,A_genuine_revision_candidate,0.0,0.0,,,,,,,,,,
gradual_drift_q0.25_v0.051_orderNone_seed41,gradual_drift,0.25,0.051,0.25,A_genuine_revision_candidate,0.0,0.0,,,,,,,,,,
gradual_drift_q0.25_v0.051_orderNone_seed53,gradual_drift,0.25,0.051,0.25,A_genuine_revision_candidate,0.0,0.0,,,,,,,,,,
gradual_drift_q0.5_v0.051_orderNone_seed7,gradual_drift,0.5,0.051,0.5,A_genuine_revision_candidate,0.0,0.0,,,,,,,,,,
gradual_drift_q0.5_v0.051_orderNone_seed17,gradual_drift,0.5,0.051,0.5,A_genuine_revision_candidate,0.0,0.0,,,,,,,,,,
gradual_drift_q0.5_v0.051_orderNone_seed29,gradual_drift,0.5,0.051,0.5,A_genuine_revision_candidate,0.0,0.0,,,,,,,,,,
gradual_drift_q0.5_v0.051_orderNone_seed41,gradual_drift,0.5,0.051,0.5,A_genuine_revision_candidate,0.0,0.0,,,,,,,,,,
gradual_drift_q0.5_v0.051_orderNone_seed53,gradual_drift,0.5,0.051,0.5,A_genuine_revision_candidate,0.0,0.0,,,,,,,,,,
gradual_drift_q0.75_v0.051_orderNone_seed7,gradual_drift,0.75,0.051,0.75,A_genuine_revision_candidate,0.0,0.0,,,,,,,,,,
gradual_drift_q0.75_v0.051_orderNone_seed17,gradual_drift,0.75,0.051,0.75,A_genuine_revision_candidate,0.0,0.0,,,,,,,,,,
gradual_drift_q0.75_v0.051_orderNone_seed29,gradual_drift,0.75,0.051,0.75,A_genuine_revision_candidate,0.0,0.0,,,,,,,,,,
gradual_drift_q0.75_v0.051_orderNone_seed41,gradual_drift,0.75,0.051,0.75,A_genuine_revision_candidate,0.0,0.0,,,,,,,,,,
gradual_drift_q0.75_v0.051_orderNone_seed53,gradual_drift,0.75,0.051,0.75,A_genuine_revision_candidate,0.0,0.0,,,,,,,,,,
gradual_drift_q0.9_v0.051_orderNone_seed7,gradual_drift,0.9,0.051,0.9,A_genuine_revision_candidate,0.0,0.0,,,,,,,,,,
gradual_drift_q0.9_v0.051_orderNone_seed17,gradual_drift,0.9,0.051,0.9,A_genuine_revision_candidate,0.0,0.0,,,,,,,,,,
gradual_drift_q0.9_v0.051_orderNone_seed29,gradual_drift,0.9,0.051,0.9,A_genuine_revision_candidate,0.0,0.0,,,,,,,,,,
gradual_drift_q0.9_v0.051_orderNone_seed41,gradual_drift,0.9,0.051,0.9,A_genuine_revision_candidate,0.0,0.0,,,,,,,,,,
gradual_drift_q0.9_v0.051_orderNone_seed53,gradual_drift,0.9,0.051,0.9,A_genuine_revision_candidate,0.0,0.0,,,,,,,,,,
gradual_drift_q1.0_v0.051_orderNone_seed7,gradual_drift,1.0,0.051,1.0,A_genuine_revision_candidate,0.0,0.0,,,,,,,,,,
gradual_drift_q1.0_v0.051_orderNone_seed17,gradual_drift,1.0,0.051,1.0,A_genuine_revision_candidate,0.0,0.0,,,,,,,,,,
gradual_drift_q1.0_v0.051_orderNone_seed29,gradual_drift,1.0,0.051,1.0,A_genuine_revision_candidate,0.0,0.0,,,,,,,,,,
gradual_drift_q1.0_v0.051_orderNone_seed41,gradual_drift,1.0,0.051,1.0,A_genuine_revision_candidate,0.0,0.0,,,,,,,,,,
gradual_drift_q1.0_v0.051_orderNone_seed53,gradual_drift,1.0,0.051,1.0,A_genuine_revision_candidate,0.0,0.0,,,,,,,,,,
gradual_drift_q0_v1.0_orderNone_seed7,gradual_drift,0,1.0,0.0,A_genuine_revision_candidate,0.0,0.0,,,,,,,,,,
gradual_drift_q0_v1.0_orderNone_seed17,gradual_drift,0,1.0,0.0,A_genuine_revision_candidate,0.0,0.0,,,,,,,,,,
gradual_drift_q0_v1.0_orderNone_seed29,gradual_drift,0,1.0,0.0,A_genuine_revision_candidate,0.0,0.0,,,,,,,,,,
gradual_drift_q0_v1.0_orderNone_seed41,gradual_drift,0,1.0,0.0,A_genuine_revision_candidate,0.0,0.0,,,,,,,,,,
gradual_drift_q0_v1.0_orderNone_seed53,gradual_drift,0,1.0,0.0,A_genuine_revision_candidate,0.0,0.0,,,,,,,,,,
gradual_drift_q0.1_v1.0_orderNone_seed7,gradual_drift,0.1,1.0,0.1,A_genuine_revision_candidate,0.0,0.0,,,,,,,,,,
gradual_drift_q0.1_v1.0_orderNone_seed17,gradual_drift,0.1,1.0,0.1,A_genuine_revision_candidate,0.0,0.0,,,,,,,,,,
gradual_drift_q0.1_v1.0_orderNone_seed29,gradual_drift,0.1,1.0,0.1,A_genuine_revision_candidate,0.0,0.0,,,,,,,,,,
gradual_drift_q0.1_v1.0_orderNone_seed41,gradual_drift,0.1,1.0,0.1,A_genuine_revision_candidate,0.0,0.0,,,,,,,,,,
gradual_drift_q0.1_v1.0_orderNone_seed53,gradual_drift,0.1,1.0,0.1,A_genuine_revision_candidate,0.0,0.0,,,,,,,,,,
gradual_drift_q0.25_v1.0_orderNone_seed7,gradual_drift,0.25,1.0,0.25,A_genuine_revision_candidate,0.0,0.0,,,,,,,,,,
gradual_drift_q0.25_v1.0_orderNone_seed17,gradual_drift,0.25,1.0,0.25,A_genuine_revision_candidate,0.0,0.0,,,,,,,,,,
gradual_drift_q0.25_v1.0_orderNone_seed29,gradual_drift,0.25,1.0,0.25,A_genuine_revision_candidate,0.0,0.0,,,,,,,,,,
gradual_drift_q0.25_v1.0_orderNone_seed41,gradual_drift,0.25,1.0,0.25,A_genuine_revision_candidate,0.0,0.0,,,,,,,,,,
gradual_drift_q0.25_v1.0_orderNone_seed53,gradual_drift,0.25,1.0,0.25,A_genuine_revision_candidate,0.0,0.0,,,,,,,,,,
gradual_drift_q0.5_v1.0_orderNone_seed7,gradual_drift,0.5,1.0,0.5,A_genuine_revision_candidate,0.0,0.0,,,,,,,,,,
gradual_drift_q0.5_v1.0_orderNone_seed17,gradual_drift,0.5,1.0,0.5,A_genuine_revision_candidate,0.0,0.0,,,,,,,,,,
gradual_drift_q0.5_v1.0_orderNone_seed29,gradual_drift,0.5,1.0,0.5,A_genuine_revision_candidate,0.0,0.0,,,,,,,,,,
gradual_drift_q0.5_v1.0_orderNone_seed41,gradual_drift,0.5,1.0,0.5,A_genuine_revision_candidate,0.0,0.0,,,,,,,,,,
gradual_drift_q0.5_v1.0_orderNone_seed53,gradual_drift,0.5,1.0,0.5,A_genuine_revision_candidate,0.0,0.0,,,,,,,,,,
gradual_drift_q0.75_v1.0_orderNone_seed7,gradual_drift,0.75,1.0,0.75,A_genuine_revision_candidate,0.0,0.0,,,,,,,,,,
gradual_drift_q0.75_v1.0_orderNone_seed17,gradual_drift,0.75,1.0,0.75,A_genuine_revision_candidate,0.0,0.0,,,,,,,,,,
gradual_drift_q0.75_v1.0_orderNone_seed29,gradual_drift,0.75,1.0,0.75,A_genuine_revision_candidate,0.0,0.0,,,,,,,,,,
gradual_drift_q0.75_v1.0_orderNone_seed41,gradual_drift,0.75,1.0,0.75,A_genuine_revision_candidate,0.0,0.0,,,,,,,,,,
gradual_drift_q0.75_v1.0_orderNone_seed53,gradual_drift,0.75,1.0,0.75,A_genuine_revision_candidate,0.0,0.0,,,,,,,,,,
gradual_drift_q0.9_v1.0_orderNone_seed7,gradual_drift,0.9,1.0,0.9,A_genuine_revision_candidate,0.0,0.0,,,,,,,,,,
gradual_drift_q0.9_v1.0_orderNone_seed17,gradual_drift,0.9,1.0,0.9,A_genuine_revision_candidate,0.0,0.0,,,,,,,,,,
gradual_drift_q0.9_v1.0_orderNone_seed29,gradual_drift,0.9,1.0,0.9,A_genuine_revision_candidate,0.0,0.0,,,,,,,,,,
gradual_drift_q0.9_v1.0_orderNone_seed41,gradual_drift,0.9,1.0,0.9,A_genuine_revision_candidate,0.0,0.0,,,,,,,,,,
gradual_drift_q0.9_v1.0_orderNone_seed53,gradual_drift,0.9,1.0,0.9,A_genuine_revision_candidate,0.0,0.0,,,,,,,,,,
gradual_drift_q1.0_v1.0_orderNone_seed7,gradual_drift,1.0,1.0,1.0,A_genuine_revision_candidate,0.0,0.0,,,,,,,,,,
gradual_drift_q1.0_v1.0_orderNone_seed17,gradual_drift,1.0,1.0,1.0,A_genuine_revision_candidate,0.0,0.0,,,,,,,,,,
gradual_drift_q1.0_v1.0_orderNone_seed29,gradual_drift,1.0,1.0,1.0,A_genuine_revision_candidate,0.0,0.0,,,,,,,,,,
gradual_drift_q1.0_v1.0_orderNone_seed41,gradual_drift,1.0,1.0,1.0,A_genuine_revision_candidate,0.0,0.0,,,,,,,,,,
gradual_drift_q1.0_v1.0_orderNone_seed53,gradual_drift,1.0,1.0,1.0,A_genuine_revision_candidate,0.0,0.0,,,,,,,,,,
alternating_q0_vNone_orderNone_seed7,alternating,0,,0.0,A_genuine_revision_candidate,0.0,0.0,,,,,,,,,,
alternating_q0_vNone_orderNone_seed17,alternating,0,,0.0,A_genuine_revision_candidate,0.0,0.0,,,,,,,,,,
alternating_q0_vNone_orderNone_seed29,alternating,0,,0.0,A_genuine_revision_candidate,0.0,0.0,,,,,,,,,,
alternating_q0_vNone_orderNone_seed41,alternating,0,,0.0,A_genuine_revision_candidate,0.0,0.0,,,,,,,,,,
alternating_q0_vNone_orderNone_seed53,alternating,0,,0.0,A_genuine_revision_candidate,0.0,0.0,,,,,,,,,,
alternating_q0.1_vNone_orderNone_seed7,alternating,0.1,,0.1,A_genuine_revision_candidate,0.0,0.0,,,,,,,,,,
alternating_q0.1_vNone_orderNone_seed17,alternating,0.1,,0.1,A_genuine_revision_candidate,0.0,0.0,,,,,,,,,,
alternating_q0.1_vNone_orderNone_seed29,alternating,0.1,,0.1,A_genuine_revision_candidate,0.0,0.0,,,,,,,,,,
alternating_q0.1_vNone_orderNone_seed41,alternating,0.1,,0.1,A_genuine_revision_candidate,0.0,0.0,,,,,,,,,,
alternating_q0.1_vNone_orderNone_seed53,alternating,0.1,,0.1,A_genuine_revision_candidate,0.0,0.0,,,,,,,,,,
alternating_q0.25_vNone_orderNone_seed7,alternating,0.25,,0.25,A_genuine_revision_candidate,0.0,0.0,,,,,,,,,,
alternating_q0.25_vNone_orderNone_seed17,alternating,0.25,,0.25,A_genuine_revision_candidate,0.0,0.0,,,,,,,,,,
alternating_q0.25_vNone_orderNone_seed29,alternating,0.25,,0.25,A_genuine_revision_candidate,0.0,0.0,,,,,,,,,,
alternating_q0.25_vNone_orderNone_seed41,alternating,0.25,,0.25,A_genuine_revision_candidate,0.0,0.0,,,,,,,,,,
alternating_q0.25_vNone_orderNone_seed53,alternating,0.25,,0.25,A_genuine_revision_candidate,0.0,0.0,,,,,,,,,,
alternating_q0.5_vNone_orderNone_seed7,alternating,0.5,,0.5,A_genuine_revision_candidate,0.0,0.0,,,,,,,,,,
alternating_q0.5_vNone_orderNone_seed17,alternating,0.5,,0.5,A_genuine_revision_candidate,0.0,0.0,,,,,,,,,,
alternating_q0.5_vNone_orderNone_seed29,alternating,0.5,,0.5,A_genuine_revision_candidate,0.0,0.0,,,,,,,,,,
alternating_q0.5_vNone_orderNone_seed41,alternating,0.5,,0.5,A_genuine_revision_candidate,0.0,0.0,,,,,,,,,,
alternating_q0.5_vNone_orderNone_seed53,alternating,0.5,,0.5,A_genuine_revision_candidate,0.0,0.0,,,,,,,,,,
alternating_q0.75_vNone_orderNone_seed7,alternating,0.75,,0.75,A_genuine_revision_candidate,0.0,0.0,,,,,,,,,,
alternating_q0.75_vNone_orderNone_seed17,alternating,0.75,,0.75,A_genuine_revision_candidate,0.0,0.0,,,,,,,,,,
alternating_q0.75_vNone_orderNone_seed29,alternating,0.75,,0.75,A_genuine_revision_candidate,0.0,0.0,,,,,,,,,,
alternating_q0.75_vNone_orderNone_seed41,alternating,0.75,,0.75,A_genuine_revision_candidate,0.0,0.0,,,,,,,,,,
alternating_q0.75_vNone_orderNone_seed53,alternating,0.75,,0.75,A_genuine_revision_candidate,0.0,0.0,,,,,,,,,,
alternating_q0.9_vNone_orderNone_seed7,alternating,0.9,,0.9,A_genuine_revision_candidate,0.0,0.0,,,,,,,,,,
alternating_q0.9_vNone_orderNone_seed17,alternating,0.9,,0.9,A_genuine_revision_candidate,0.0,0.0,,,,,,,,,,
alternating_q0.9_vNone_orderNone_seed29,alternating,0.9,,0.9,A_genuine_revision_candidate,0.0,0.0,,,,,,,,,,
alternating_q0.9_vNone_orderNone_seed41,alternating,0.9,,0.9,A_genuine_revision_candidate,0.0,0.0,,,,,,,,,,
alternating_q0.9_vNone_orderNone_seed53,alternating,0.9,,0.9,A_genuine_revision_candidate,0.0,0.0,,,,,,,,,,
alternating_q1.0_vNone_orderNone_seed7,alternating,1.0,,1.0,A_genuine_revision_candidate,0.0,0.0,,,,,,,,,,
alternating_q1.0_vNone_orderNone_seed17,alternating,1.0,,1.0,A_genuine_revision_candidate,0.0,0.0,,,,,,,,,,
alternating_q1.0_vNone_orderNone_seed29,alternating,1.0,,1.0,A_genuine_revision_candidate,0.0,0.0,,,,,,,,,,
alternating_q1.0_vNone_orderNone_seed41,alternating,1.0,,1.0,A_genuine_revision_candidate,0.0,0.0,,,,,,,,,,
alternating_q1.0_vNone_orderNone_seed53,alternating,1.0,,1.0,A_genuine_revision_candidate,0.0,0.0,,,,,,,,,,
sparse_corrective_q0.75_vNone_orderNone_seed7,sparse_corrective,0.75,,0.75,A_genuine_revision_candidate,0.0,0.0,,,,,,,,,,
sparse_corrective_q0.75_vNone_orderNone_seed17,sparse_corrective,0.75,,0.75,A_genuine_revision_candidate,0.0,0.0,,,,,,,,,,
sparse_corrective_q0.75_vNone_orderNone_seed29,sparse_corrective,0.75,,0.75,A_genuine_revision_candidate,0.0,0.0,,,,,,,,,,
sparse_corrective_q0.75_vNone_orderNone_seed41,sparse_corrective,0.75,,0.75,A_genuine_revision_candidate,0.0,0.0,,,,,,,,,,
sparse_corrective_q0.75_vNone_orderNone_seed53,sparse_corrective,0.75,,0.75,A_genuine_revision_candidate,0.0,0.0,,,,,,,,,,
sparse_corrective_q0.9_vNone_orderNone_seed7,sparse_corrective,0.9,,0.9,A_genuine_revision_candidate,0.0,0.0,,,,,,,,,,
sparse_corrective_q0.9_vNone_orderNone_seed17,sparse_corrective,0.9,,0.9,A_genuine_revision_candidate,0.0,0.0,,,,,,,,,,
sparse_corrective_q0.9_vNone_orderNone_seed29,sparse_corrective,0.9,,0.9,A_genuine_revision_candidate,0.0,0.0,,,,,,,,,,
sparse_corrective_q0.9_vNone_orderNone_seed41,sparse_corrective,0.9,,0.9,A_genuine_revision_candidate,0.0,0.0,,,,,,,,,,
sparse_corrective_q0.9_vNone_orderNone_seed53,sparse_corrective,0.9,,0.9,A_genuine_revision_candidate,0.0,0.0,,,,,,,,,,
sparse_corrective_q1.0_vNone_orderNone_seed7,sparse_corrective,1.0,,1.0,A_genuine_revision_candidate,0.0,0.0,,,,,,,,,,
sparse_corrective_q1.0_vNone_orderNone_seed17,sparse_corrective,1.0,,1.0,A_genuine_revision_candidate,0.0,0.0,,,,,,,,,,
sparse_corrective_q1.0_vNone_orderNone_seed29,sparse_corrective,1.0,,1.0,A_genuine_revision_candidate,0.0,0.0,,,,,,,,,,
sparse_corrective_q1.0_vNone_orderNone_seed41,sparse_corrective,1.0,,1.0,A_genuine_revision_candidate,0.0,0.0,,,,,,,,,,
sparse_corrective_q1.0_vNone_orderNone_seed53,sparse_corrective,1.0,,1.0,A_genuine_revision_candidate,0.0,0.0,,,,,,,,,,
endpoint_order_q0.5_vNone_orderR_first_seed7,endpoint_order,0.5,,0.5,A_genuine_revision_candidate,0.0,0.0,,,,,,,,,,
endpoint_order_q0.5_vNone_orderR_first_seed17,endpoint_order,0.5,,0.5,A_genuine_revision_candidate,0.0,0.0,,,,,,,,,,
endpoint_order_q0.5_vNone_orderR_first_seed29,endpoint_order,0.5,,0.5,A_genuine_revision_candidate,0.0,0.0,,,,,,,,,,
endpoint_order_q0.5_vNone_orderR_first_seed41,endpoint_order,0.5,,0.5,A_genuine_revision_candidate,0.0,0.0,,,,,,,,,,
endpoint_order_q0.5_vNone_orderR_first_seed53,endpoint_order,0.5,,0.5,A_genuine_revision_candidate,0.0,0.0,,,,,,,,,,
bridge_order_q1.0_v0.025_orderascending_seed7,bridge_order,1.0,0.025,1.0,A_genuine_revision_candidate,0.0,0.025000000000000022,,,,,,,,,,
bridge_order_q1.0_v0.025_orderascending_seed17,bridge_order,1.0,0.025,1.0,A_genuine_revision_candidate,0.0,0.025000000000000022,,,,,,,,,,
bridge_order_q1.0_v0.025_orderascending_seed29,bridge_order,1.0,0.025,1.0,A_genuine_revision_candidate,0.0,0.025000000000000022,,,,,,,,,,
bridge_order_q1.0_v0.025_orderascending_seed41,bridge_order,1.0,0.025,1.0,A_genuine_revision_candidate,0.0,0.025000000000000022,,,,,,,,,,
bridge_order_q1.0_v0.025_orderascending_seed53,bridge_order,1.0,0.025,1.0,A_genuine_revision_candidate,0.0,0.025000000000000022,,,,,,,,,,
bridge_order_q1.0_v0.025_ordershuffled_seed7,bridge_order,1.0,0.025,1.0,A_genuine_revision_candidate,0.0,0.025000000000000022,,,,,,,,,,
bridge_order_q1.0_v0.025_ordershuffled_seed17,bridge_order,1.0,0.025,1.0,A_genuine_revision_candidate,0.0,0.09999999999999998,,,,,,,,,,
bridge_order_q1.0_v0.025_ordershuffled_seed29,bridge_order,1.0,0.025,1.0,A_genuine_revision_candidate,0.0,0.025000000000000022,,,,,,,,,,
bridge_order_q1.0_v0.025_ordershuffled_seed41,bridge_order,1.0,0.025,1.0,A_genuine_revision_candidate,0.0,0.025000000000000022,,,,,,,,,,
bridge_order_q1.0_v0.025_ordershuffled_seed53,bridge_order,1.0,0.025,1.0,A_genuine_revision_candidate,0.0,0.09999999999999998,,,,,,,,,,
