regime,strength,frequency,seeds,outcome_counts,outcome,rejection_rate,relapse_rate,persistent_escape_rate,qualifying_revision_rate,conditional_relapse_rate,mean_T_relapse,min_T_relapse,max_T_relapse,mean_D_pre,mean_D_immediate,mean_D_final,mean_D_post,mean_delta_D,mean_acceptance_rate,mean_rejection_rate
descending_bridge,0.1,1,5,"{""C_rejection"": 5}",C_rejection,1.0,0.0,0.0,0.0,,,,,1.0,1.0,1.0,1.0,0.0,0.5125,0.4875
descending_bridge,0.1,2,5,"{""C_rejection"": 5}",C_rejection,1.0,0.0,0.0,0.0,,,,,1.0,1.0,1.0,1.0,0.0,0.5125,0.4875
descending_bridge,0.1,3,5,"{""C_rejection"": 5}",C_rejection,1.0,0.0,0.0,0.0,,,,,1.0,1.0,1.0,1.0,0.0,0.5125,0.4875
descending_bridge,0.1,4,5,"{""C_rejection"": 5}",C_rejection,1.0,0.0,0.0,0.0,,,,,1.0,1.0,1.0,1.0,0.0,0.5125,0.4875
descending_bridge,0.1,8,5,"{""C_rejection"": 5}",C_rejection,1.0,0.0,0.0,0.0,,,,,1.0,1.0,1.0,1.0,0.0,0.5125,0.4875
descending_bridge,0.1,16,5,"{""C_rejection"": 5}",C_rejection,1.0,0.0,0.0,0.0,,,,,1.0,1.0,1.0,1.0,0.0,0.5125,0.4875
descending_bridge,0.2,1,5,"{""C_rejection"": 5}",C_rejection,1.0,0.0,0.0,0.0,,,,,1.0,1.0,1.0,1.0,0.0,0.5125,0.4875
descending_bridge,0.2,2,5,"{""C_rejection"": 5}",C_rejection,1.0,0.0,0.0,0.0,,,,,1.0,1.0,1.0,1.0,0.0,0.5125,0.4875
descending_bridge,0.2,3,5,"{""C_rejection"": 5}",C_rejection,1.0,0.0,0.0,0.0,,,,,1.0,1.0,1.0,1.0,0.0,0.5125,0.4875
descending_bridge,0.2,4,5,"{""C_rejection"": 5}",C_rejection,1.0,0.0,0.0,0.0,,,,,1.0,1.0,1.0,1.0,0.0,0.5125,0.4875
descending_bridge,0.2,8,5,"{""C_rejection"": 5}",C_rejection,1.0,0.0,0.0,0.0,,,,,1.0,1.0,1.0,1.0,0.0,0.5125,0.4875
descending_bridge,0.2,16,5,"{""C_rejection"": 5}",C_rejection,1.0,0.0,0.0,0.0,,,,,1.0,1.0,1.0,1.0,0.0,0.5125,0.4875
descending_bridge,0.25,1,5,"{""C_rejection"": 5}",C_rejection,1.0,0.0,0.0,0.0,,,,,1.0,1.0,1.0,1.0,0.0,0.5125,0.4875
descending_bridge,0.25,2,5,"{""C_rejection"": 5}",C_rejection,1.0,0.0,0.0,0.0,,,,,1.0,1.0,1.0,1.0,0.0,0.5125,0.4875
descending_bridge,0.25,3,5,"{""C_rejection"": 5}",C_rejection,1.0,0.0,0.0,0.0,,,,,1.0,1.0,1.0,1.0,0.0,0.5125,0.4875
descending_bridge,0.25,4,5,"{""C_rejection"": 5}",C_rejection,1.0,0.0,0.0,0.0,,,,,1.0,1.0,1.0,1.0,0.0,0.5125,0.4875
descending_bridge,0.25,8,5,"{""C_rejection"": 5}",C_rejection,1.0,0.0,0.0,0.0,,,,,1.0,1.0,1.0,1.0,0.0,0.5125,0.4875
descending_bridge,0.25,16,5,"{""C_rejection"": 5}",C_rejection,1.0,0.0,0.0,0.0,,,,,1.0,1.0,1.0,1.0,0.0,0.5125,0.4875
descending_bridge,0.3,1,5,"{""C_rejection"": 5}",C_rejection,1.0,0.0,0.0,0.0,,,,,1.0,1.0,1.0,1.0,0.0,0.5125,0.4875
descending_bridge,0.3,2,5,"{""C_rejection"": 5}",C_rejection,1.0,0.0,0.0,0.0,,,,,1.0,1.0,1.0,1.0,0.0,0.5125,0.4875
descending_bridge,0.3,3,5,"{""C_rejection"": 5}",C_rejection,1.0,0.0,0.0,0.0,,,,,1.0,1.0,1.0,1.0,0.0,0.5125,0.4875
descending_bridge,0.3,4,5,"{""C_rejection"": 5}",C_rejection,1.0,0.0,0.0,0.0,,,,,1.0,1.0,1.0,1.0,0.0,0.5125,0.4875
descending_bridge,0.3,8,5,"{""C_rejection"": 5}",C_rejection,1.0,0.0,0.0,0.0,,,,,1.0,1.0,1.0,1.0,0.0,0.5125,0.4875
descending_bridge,0.3,16,5,"{""C_rejection"": 5}",C_rejection,1.0,0.0,0.0,0.0,,,,,1.0,1.0,1.0,1.0,0.0,0.5125,0.4875
descending_bridge,0.4,1,5,"{""C_rejection"": 5}",C_rejection,1.0,0.0,0.0,0.0,,,,,1.0,1.0,1.0,1.0,0.0,0.5125,0.4875
descending_bridge,0.4,2,5,"{""C_rejection"": 5}",C_rejection,1.0,0.0,0.0,0.0,,,,,1.0,1.0,1.0,1.0,0.0,0.5125,0.4875
descending_bridge,0.4,3,5,"{""C_rejection"": 5}",C_rejection,1.0,0.0,0.0,0.0,,,,,1.0,1.0,1.0,1.0,0.0,0.5125,0.4875
descending_bridge,0.4,4,5,"{""C_rejection"": 5}",C_rejection,1.0,0.0,0.0,0.0,,,,,1.0,1.0,1.0,1.0,0.0,0.5125,0.4875
descending_bridge,0.4,8,5,"{""C_rejection"": 5}",C_rejection,1.0,0.0,0.0,0.0,,,,,1.0,1.0,1.0,1.0,0.0,0.5125,0.4875
descending_bridge,0.4,16,5,"{""C_rejection"": 5}",C_rejection,1.0,0.0,0.0,0.0,,,,,1.0,1.0,1.0,1.0,0.0,0.5125,0.4875
descending_bridge,0.5,1,5,"{""C_rejection"": 5}",C_rejection,1.0,0.0,0.0,0.0,,,,,1.0,1.0,1.0,1.0,0.0,0.5125,0.4875
descending_bridge,0.5,2,5,"{""C_rejection"": 5}",C_rejection,1.0,0.0,0.0,0.0,,,,,1.0,1.0,1.0,1.0,0.0,0.5125,0.4875
descending_bridge,0.5,3,5,"{""C_rejection"": 5}",C_rejection,1.0,0.0,0.0,0.0,,,,,1.0,1.0,1.0,1.0,0.0,0.5125,0.4875
descending_bridge,0.5,4,5,"{""C_rejection"": 5}",C_rejection,1.0,0.0,0.0,0.0,,,,,1.0,1.0,1.0,1.0,0.0,0.5125,0.4875
descending_bridge,0.5,8,5,"{""C_rejection"": 5}",C_rejection,1.0,0.0,0.0,0.0,,,,,1.0,1.0,1.0,1.0,0.0,0.5125,0.4875
descending_bridge,0.5,16,5,"{""C_rejection"": 5}",C_rejection,1.0,0.0,0.0,0.0,,,,,1.0,1.0,1.0,1.0,0.0,0.5125,0.4875
descending_bridge,0.55,1,5,"{""C_rejection"": 5}",C_rejection,1.0,0.0,0.0,0.0,,,,,1.0,1.0,1.0,1.0,0.0,0.5125,0.4875
descending_bridge,0.55,2,5,"{""C_rejection"": 5}",C_rejection,1.0,0.0,0.0,0.0,,,,,1.0,1.0,1.0,1.0,0.0,0.5125,0.4875
descending_bridge,0.55,3,5,"{""C_rejection"": 5}",C_rejection,1.0,0.0,0.0,0.0,,,,,1.0,1.0,1.0,1.0,0.0,0.5125,0.4875
descending_bridge,0.55,4,5,"{""C_rejection"": 5}",C_rejection,1.0,0.0,0.0,0.0,,,,,1.0,1.0,1.0,1.0,0.0,0.5125,0.4875
descending_bridge,0.55,8,5,"{""C_rejection"": 5}",C_rejection,1.0,0.0,0.0,0.0,,,,,1.0,1.0,1.0,1.0,0.0,0.5125,0.4875
descending_bridge,0.55,16,5,"{""C_rejection"": 5}",C_rejection,1.0,0.0,0.0,0.0,,,,,1.0,1.0,1.0,1.0,0.0,0.5125,0.4875
descending_bridge,0.58,1,5,"{""C_rejection"": 5}",C_rejection,1.0,0.0,0.0,0.0,,,,,1.0,1.0,1.0,1.0,0.0,0.5125,0.4875
descending_bridge,0.58,2,5,"{""C_rejection"": 5}",C_rejection,1.0,0.0,0.0,0.0,,,,,1.0,1.0,1.0,1.0,0.0,0.5125,0.4875
descending_bridge,0.58,3,5,"{""C_rejection"": 5}",C_rejection,1.0,0.0,0.0,0.0,,,,,1.0,1.0,1.0,1.0,0.0,0.5125,0.4875
descending_bridge,0.58,4,5,"{""C_rejection"": 5}",C_rejection,1.0,0.0,0.0,0.0,,,,,1.0,1.0,1.0,1.0,0.0,0.5125,0.4875
descending_bridge,0.58,8,5,"{""C_rejection"": 5}",C_rejection,1.0,0.0,0.0,0.0,,,,,1.0,1.0,1.0,1.0,0.0,0.5125,0.4875
descending_bridge,0.58,16,5,"{""C_rejection"": 5}",C_rejection,1.0,0.0,0.0,0.0,,,,,1.0,1.0,1.0,1.0,0.0,0.5125,0.4875
descending_bridge,0.59,1,5,"{""E_relapse"": 5}",E_relapse,0.0,1.0,0.0,1.0,1.0,39.0,39,39,1.0,0.0,1.0,1.0,0.0,0.5125,0.4875
descending_bridge,0.59,2,5,"{""E_relapse"": 5}",E_relapse,0.0,1.0,0.0,1.0,1.0,39.0,39,39,1.0,0.0,1.0,1.0,0.0,0.5125,0.4875
descending_bridge,0.59,3,5,"{""E_relapse"": 5}",E_relapse,0.0,1.0,0.0,1.0,1.0,39.0,39,39,1.0,0.0,1.0,1.0,0.0,0.5125,0.4875
descending_bridge,0.59,4,5,"{""E_relapse"": 5}",E_relapse,0.0,1.0,0.0,1.0,1.0,39.0,39,39,1.0,0.0,1.0,1.0,0.0,0.5125,0.4875
descending_bridge,0.59,8,5,"{""E_relapse"": 5}",E_relapse,0.0,1.0,0.0,1.0,1.0,39.0,39,39,1.0,0.0,1.0,1.0,0.0,0.5125,0.4875
descending_bridge,0.59,16,5,"{""E_relapse"": 5}",E_relapse,0.0,1.0,0.0,1.0,1.0,39.0,39,39,1.0,0.0,1.0,1.0,0.0,0.5125,0.4875
descending_bridge,0.6,1,5,"{""E_relapse"": 5}",E_relapse,0.0,1.0,0.0,1.0,1.0,39.0,39,39,1.0,0.0,1.0,1.0,0.0,0.5125,0.4875
descending_bridge,0.6,2,5,"{""E_relapse"": 5}",E_relapse,0.0,1.0,0.0,1.0,1.0,39.0,39,39,1.0,0.0,1.0,1.0,0.0,0.5125,0.4875
descending_bridge,0.6,3,5,"{""E_relapse"": 5}",E_relapse,0.0,1.0,0.0,1.0,1.0,39.0,39,39,1.0,0.0,1.0,1.0,0.0,0.5125,0.4875
descending_bridge,0.6,4,5,"{""E_relapse"": 5}",E_relapse,0.0,1.0,0.0,1.0,1.0,39.0,39,39,1.0,0.0,1.0,1.0,0.0,0.5125,0.4875
descending_bridge,0.6,8,5,"{""E_relapse"": 5}",E_relapse,0.0,1.0,0.0,1.0,1.0,39.0,39,39,1.0,0.0,1.0,1.0,0.0,0.5125,0.4875
descending_bridge,0.6,16,5,"{""E_relapse"": 5}",E_relapse,0.0,1.0,0.0,1.0,1.0,39.0,39,39,1.0,0.0,1.0,1.0,0.0,0.5125,0.4875
descending_bridge,0.7,1,5,"{""E_relapse"": 5}",E_relapse,0.0,1.0,0.0,1.0,1.0,39.0,39,39,1.0,0.0,1.0,1.0,0.0,0.5125,0.4875
descending_bridge,0.7,2,5,"{""E_relapse"": 5}",E_relapse,0.0,1.0,0.0,1.0,1.0,39.0,39,39,1.0,0.0,1.0,1.0,0.0,0.5125,0.4875
descending_bridge,0.7,3,5,"{""E_relapse"": 5}",E_relapse,0.0,1.0,0.0,1.0,1.0,39.0,39,39,1.0,0.0,1.0,1.0,0.0,0.5125,0.4875
descending_bridge,0.7,4,5,"{""E_relapse"": 5}",E_relapse,0.0,1.0,0.0,1.0,1.0,39.0,39,39,1.0,0.0,1.0,1.0,0.0,0.5125,0.4875
descending_bridge,0.7,8,5,"{""E_relapse"": 5}",E_relapse,0.0,1.0,0.0,1.0,1.0,39.0,39,39,1.0,0.0,1.0,1.0,0.0,0.5125,0.4875
descending_bridge,0.7,16,5,"{""E_relapse"": 5}",E_relapse,0.0,1.0,0.0,1.0,1.0,39.0,39,39,1.0,0.0,1.0,1.0,0.0,0.5125,0.4875
descending_bridge,0.75,1,5,"{""E_relapse"": 5}",E_relapse,0.0,1.0,0.0,1.0,1.0,39.0,39,39,1.0,0.0,1.0,1.0,0.0,0.5125,0.4875
descending_bridge,0.75,2,5,"{""E_relapse"": 5}",E_relapse,0.0,1.0,0.0,1.0,1.0,39.0,39,39,1.0,0.0,1.0,1.0,0.0,0.5125,0.4875
descending_bridge,0.75,3,5,"{""E_relapse"": 5}",E_relapse,0.0,1.0,0.0,1.0,1.0,39.0,39,39,1.0,0.0,1.0,1.0,0.0,0.5125,0.4875
descending_bridge,0.75,4,5,"{""E_relapse"": 5}",E_relapse,0.0,1.0,0.0,1.0,1.0,39.0,39,39,1.0,0.0,1.0,1.0,0.0,0.5125,0.4875
descending_bridge,0.75,8,5,"{""E_relapse"": 5}",E_relapse,0.0,1.0,0.0,1.0,1.0,39.0,39,39,1.0,0.0,1.0,1.0,0.0,0.5125,0.4875
descending_bridge,0.75,16,5,"{""E_relapse"": 5}",E_relapse,0.0,1.0,0.0,1.0,1.0,39.0,39,39,1.0,0.0,1.0,1.0,0.0,0.5125,0.4875
descending_bridge,0.8,1,5,"{""E_relapse"": 5}",E_relapse,0.0,1.0,0.0,1.0,1.0,39.0,39,39,1.0,0.0,1.0,1.0,0.0,0.5125,0.4875
descending_bridge,0.8,2,5,"{""E_relapse"": 5}",E_relapse,0.0,1.0,0.0,1.0,1.0,39.0,39,39,1.0,0.0,1.0,1.0,0.0,0.5125,0.4875
descending_bridge,0.8,3,5,"{""E_relapse"": 5}",E_relapse,0.0,1.0,0.0,1.0,1.0,39.0,39,39,1.0,0.0,1.0,1.0,0.0,0.5125,0.4875
descending_bridge,0.8,4,5,"{""E_relapse"": 5}",E_relapse,0.0,1.0,0.0,1.0,1.0,39.0,39,39,1.0,0.0,1.0,1.0,0.0,0.5125,0.4875
descending_bridge,0.8,8,5,"{""E_relapse"": 5}",E_relapse,0.0,1.0,0.0,1.0,1.0,39.0,39,39,1.0,0.0,1.0,1.0,0.0,0.5125,0.4875
descending_bridge,0.8,16,5,"{""E_relapse"": 5}",E_relapse,0.0,1.0,0.0,1.0,1.0,39.0,39,39,1.0,0.0,1.0,1.0,0.0,0.5125,0.4875
descending_bridge,0.9,1,5,"{""E_relapse"": 5}",E_relapse,0.0,1.0,0.0,1.0,1.0,39.0,39,39,1.0,0.0,1.0,1.0,0.0,0.5125,0.4875
descending_bridge,0.9,2,5,"{""E_relapse"": 5}",E_relapse,0.0,1.0,0.0,1.0,1.0,39.0,39,39,1.0,0.0,1.0,1.0,0.0,0.5125,0.4875
descending_bridge,0.9,3,5,"{""E_relapse"": 5}",E_relapse,0.0,1.0,0.0,1.0,1.0,39.0,39,39,1.0,0.0,1.0,1.0,0.0,0.5125,0.4875
descending_bridge,0.9,4,5,"{""E_relapse"": 5}",E_relapse,0.0,1.0,0.0,1.0,1.0,39.0,39,39,1.0,0.0,1.0,1.0,0.0,0.5125,0.4875
descending_bridge,0.9,8,5,"{""E_relapse"": 5}",E_relapse,0.0,1.0,0.0,1.0,1.0,39.0,39,39,1.0,0.0,1.0,1.0,0.0,0.5125,0.4875
descending_bridge,0.9,16,5,"{""E_relapse"": 5}",E_relapse,0.0,1.0,0.0,1.0,1.0,39.0,39,39,1.0,0.0,1.0,1.0,0.0,0.5125,0.4875
descending_bridge,1.0,1,5,"{""E_relapse"": 5}",E_relapse,0.0,1.0,0.0,1.0,1.0,39.0,39,39,1.0,0.0,1.0,1.0,0.0,0.5125,0.4875
descending_bridge,1.0,2,5,"{""E_relapse"": 5}",E_relapse,0.0,1.0,0.0,1.0,1.0,79.0,79,79,1.0,0.0,1.0,1.0,0.0,0.425,0.575
descending_bridge,1.0,3,5,"{""E_relapse"": 5}",E_relapse,0.0,1.0,0.0,1.0,1.0,79.0,79,79,1.0,0.0,1.0,1.0,0.0,0.425,0.575
descending_bridge,1.0,4,5,"{""E_relapse"": 5}",E_relapse,0.0,1.0,0.0,1.0,1.0,79.0,79,79,1.0,0.0,1.0,1.0,0.0,0.425,0.575
descending_bridge,1.0,8,5,"{""E_relapse"": 5}",E_relapse,0.0,1.0,0.0,1.0,1.0,79.0,79,79,1.0,0.0,1.0,1.0,0.0,0.4125,0.5875
descending_bridge,1.0,16,5,"{""E_relapse"": 5}",E_relapse,0.0,1.0,0.0,1.0,1.0,79.0,79,79,1.0,0.0,1.0,1.0,0.0,0.4083333333333333,0.5916666666666667
stationary,0.1,1,5,"{""C_rejection"": 5}",C_rejection,1.0,0.0,0.0,0.0,,,,,1.0,1.0,1.0,1.0,0.0,0.5,0.5
stationary,0.1,2,5,"{""C_rejection"": 5}",C_rejection,1.0,0.0,0.0,0.0,,,,,1.0,1.0,1.0,1.0,0.0,0.5,0.5
stationary,0.1,3,5,"{""C_rejection"": 5}",C_rejection,1.0,0.0,0.0,0.0,,,,,1.0,1.0,1.0,1.0,0.0,0.5,0.5
stationary,0.1,4,5,"{""C_rejection"": 5}",C_rejection,1.0,0.0,0.0,0.0,,,,,1.0,1.0,1.0,1.0,0.0,0.5,0.5
stationary,0.1,8,5,"{""C_rejection"": 5}",C_rejection,1.0,0.0,0.0,0.0,,,,,1.0,1.0,1.0,1.0,0.0,0.5,0.5
stationary,0.1,16,5,"{""C_rejection"": 5}",C_rejection,1.0,0.0,0.0,0.0,,,,,1.0,1.0,1.0,1.0,0.0,0.5,0.5
stationary,0.2,1,5,"{""C_rejection"": 5}",C_rejection,1.0,0.0,0.0,0.0,,,,,1.0,1.0,1.0,1.0,0.0,0.5,0.5
stationary,0.2,2,5,"{""C_rejection"": 5}",C_rejection,1.0,0.0,0.0,0.0,,,,,1.0,1.0,1.0,1.0,0.0,0.5,0.5
stationary,0.2,3,5,"{""C_rejection"": 5}",C_rejection,1.0,0.0,0.0,0.0,,,,,1.0,1.0,1.0,1.0,0.0,0.5,0.5
stationary,0.2,4,5,"{""C_rejection"": 5}",C_rejection,1.0,0.0,0.0,0.0,,,,,1.0,1.0,1.0,1.0,0.0,0.5,0.5
stationary,0.2,8,5,"{""C_rejection"": 5}",C_rejection,1.0,0.0,0.0,0.0,,,,,1.0,1.0,1.0,1.0,0.0,0.5,0.5
stationary,0.2,16,5,"{""C_rejection"": 5}",C_rejection,1.0,0.0,0.0,0.0,,,,,1.0,1.0,1.0,1.0,0.0,0.5,0.5
stationary,0.25,1,5,"{""C_rejection"": 5}",C_rejection,1.0,0.0,0.0,0.0,,,,,1.0,1.0,1.0,1.0,0.0,0.5,0.5
stationary,0.25,2,5,"{""C_rejection"": 5}",C_rejection,1.0,0.0,0.0,0.0,,,,,1.0,1.0,1.0,1.0,0.0,0.5,0.5
stationary,0.25,3,5,"{""C_rejection"": 5}",C_rejection,1.0,0.0,0.0,0.0,,,,,1.0,1.0,1.0,1.0,0.0,0.5,0.5
stationary,0.25,4,5,"{""C_rejection"": 5}",C_rejection,1.0,0.0,0.0,0.0,,,,,1.0,1.0,1.0,1.0,0.0,0.5,0.5
stationary,0.25,8,5,"{""C_rejection"": 5}",C_rejection,1.0,0.0,0.0,0.0,,,,,1.0,1.0,1.0,1.0,0.0,0.5,0.5
stationary,0.25,16,5,"{""C_rejection"": 5}",C_rejection,1.0,0.0,0.0,0.0,,,,,1.0,1.0,1.0,1.0,0.0,0.5,0.5
stationary,0.3,1,5,"{""C_rejection"": 5}",C_rejection,1.0,0.0,0.0,0.0,,,,,1.0,1.0,1.0,1.0,0.0,0.5,0.5
stationary,0.3,2,5,"{""C_rejection"": 5}",C_rejection,1.0,0.0,0.0,0.0,,,,,1.0,1.0,1.0,1.0,0.0,0.5,0.5
stationary,0.3,3,5,"{""C_rejection"": 5}",C_rejection,1.0,0.0,0.0,0.0,,,,,1.0,1.0,1.0,1.0,0.0,0.5,0.5
stationary,0.3,4,5,"{""C_rejection"": 5}",C_rejection,1.0,0.0,0.0,0.0,,,,,1.0,1.0,1.0,1.0,0.0,0.5,0.5
stationary,0.3,8,5,"{""C_rejection"": 5}",C_rejection,1.0,0.0,0.0,0.0,,,,,1.0,1.0,1.0,1.0,0.0,0.5,0.5
stationary,0.3,16,5,"{""C_rejection"": 5}",C_rejection,1.0,0.0,0.0,0.0,,,,,1.0,1.0,1.0,1.0,0.0,0.5,0.5
stationary,0.4,1,5,"{""C_rejection"": 5}",C_rejection,1.0,0.0,0.0,0.0,,,,,1.0,1.0,1.0,1.0,0.0,0.5,0.5
stationary,0.4,2,5,"{""C_rejection"": 5}",C_rejection,1.0,0.0,0.0,0.0,,,,,1.0,1.0,1.0,1.0,0.0,0.5,0.5
stationary,0.4,3,5,"{""C_rejection"": 5}",C_rejection,1.0,0.0,0.0,0.0,,,,,1.0,1.0,1.0,1.0,0.0,0.5,0.5
stationary,0.4,4,5,"{""C_rejection"": 5}",C_rejection,1.0,0.0,0.0,0.0,,,,,1.0,1.0,1.0,1.0,0.0,0.5,0.5
stationary,0.4,8,5,"{""C_rejection"": 5}",C_rejection,1.0,0.0,0.0,0.0,,,,,1.0,1.0,1.0,1.0,0.0,0.5,0.5
stationary,0.4,16,5,"{""C_rejection"": 5}",C_rejection,1.0,0.0,0.0,0.0,,,,,1.0,1.0,1.0,1.0,0.0,0.5,0.5
stationary,0.5,1,5,"{""C_rejection"": 5}",C_rejection,1.0,0.0,0.0,0.0,,,,,1.0,1.0,1.0,1.0,0.0,0.5,0.5
stationary,0.5,2,5,"{""C_rejection"": 5}",C_rejection,1.0,0.0,0.0,0.0,,,,,1.0,1.0,1.0,1.0,0.0,0.5,0.5
stationary,0.5,3,5,"{""C_rejection"": 5}",C_rejection,1.0,0.0,0.0,0.0,,,,,1.0,1.0,1.0,1.0,0.0,0.5,0.5
stationary,0.5,4,5,"{""C_rejection"": 5}",C_rejection,1.0,0.0,0.0,0.0,,,,,1.0,1.0,1.0,1.0,0.0,0.5,0.5
stationary,0.5,8,5,"{""C_rejection"": 5}",C_rejection,1.0,0.0,0.0,0.0,,,,,1.0,1.0,1.0,1.0,0.0,0.5,0.5
stationary,0.5,16,5,"{""C_rejection"": 5}",C_rejection,1.0,0.0,0.0,0.0,,,,,1.0,1.0,1.0,1.0,0.0,0.5,0.5
stationary,0.55,1,5,"{""C_rejection"": 5}",C_rejection,1.0,0.0,0.0,0.0,,,,,1.0,1.0,1.0,1.0,0.0,0.5,0.5
stationary,0.55,2,5,"{""C_rejection"": 5}",C_rejection,1.0,0.0,0.0,0.0,,,,,1.0,1.0,1.0,1.0,0.0,0.5,0.5
stationary,0.55,3,5,"{""C_rejection"": 5}",C_rejection,1.0,0.0,0.0,0.0,,,,,1.0,1.0,1.0,1.0,0.0,0.5,0.5
stationary,0.55,4,5,"{""C_rejection"": 5}",C_rejection,1.0,0.0,0.0,0.0,,,,,1.0,1.0,1.0,1.0,0.0,0.5,0.5
stationary,0.55,8,5,"{""C_rejection"": 5}",C_rejection,1.0,0.0,0.0,0.0,,,,,1.0,1.0,1.0,1.0,0.0,0.5,0.5
stationary,0.55,16,5,"{""C_rejection"": 5}",C_rejection,1.0,0.0,0.0,0.0,,,,,1.0,1.0,1.0,1.0,0.0,0.5,0.5
stationary,0.58,1,5,"{""C_rejection"": 5}",C_rejection,1.0,0.0,0.0,0.0,,,,,1.0,1.0,1.0,1.0,0.0,0.5,0.5
stationary,0.58,2,5,"{""C_rejection"": 5}",C_rejection,1.0,0.0,0.0,0.0,,,,,1.0,1.0,1.0,1.0,0.0,0.5,0.5
stationary,0.58,3,5,"{""C_rejection"": 5}",C_rejection,1.0,0.0,0.0,0.0,,,,,1.0,1.0,1.0,1.0,0.0,0.5,0.5
stationary,0.58,4,5,"{""C_rejection"": 5}",C_rejection,1.0,0.0,0.0,0.0,,,,,1.0,1.0,1.0,1.0,0.0,0.5,0.5
stationary,0.58,8,5,"{""C_rejection"": 5}",C_rejection,1.0,0.0,0.0,0.0,,,,,1.0,1.0,1.0,1.0,0.0,0.5,0.5
stationary,0.58,16,5,"{""C_rejection"": 5}",C_rejection,1.0,0.0,0.0,0.0,,,,,1.0,1.0,1.0,1.0,0.0,0.5,0.5
stationary,0.59,1,5,"{""A_genuine_revision_candidate"": 5}",A_genuine_revision_candidate,0.0,0.0,1.0,1.0,0.0,,,,1.0,0.0,0.0,0.0,-1.0,0.5,0.5
stationary,0.59,2,5,"{""A_genuine_revision_candidate"": 5}",A_genuine_revision_candidate,0.0,0.0,1.0,1.0,0.0,,,,1.0,0.0,0.0,0.0,-1.0,0.5,0.5
stationary,0.59,3,5,"{""A_genuine_revision_candidate"": 5}",A_genuine_revision_candidate,0.0,0.0,1.0,1.0,0.0,,,,1.0,0.0,0.0,0.0,-1.0,0.5,0.5
stationary,0.59,4,5,"{""A_genuine_revision_candidate"": 5}",A_genuine_revision_candidate,0.0,0.0,1.0,1.0,0.0,,,,1.0,0.0,0.0,0.0,-1.0,0.5,0.5
stationary,0.59,8,5,"{""A_genuine_revision_candidate"": 5}",A_genuine_revision_candidate,0.0,0.0,1.0,1.0,0.0,,,,1.0,0.0,0.0,0.0,-1.0,0.5,0.5
stationary,0.59,16,5,"{""A_genuine_revision_candidate"": 5}",A_genuine_revision_candidate,0.0,0.0,1.0,1.0,0.0,,,,1.0,0.0,0.0,0.0,-1.0,0.5,0.5
stationary,0.6,1,5,"{""A_genuine_revision_candidate"": 5}",A_genuine_revision_candidate,0.0,0.0,1.0,1.0,0.0,,,,1.0,0.0,0.0,0.0,-1.0,0.5,0.5
stationary,0.6,2,5,"{""A_genuine_revision_candidate"": 5}",A_genuine_revision_candidate,0.0,0.0,1.0,1.0,0.0,,,,1.0,0.0,0.0,0.0,-1.0,0.5,0.5
stationary,0.6,3,5,"{""A_genuine_revision_candidate"": 5}",A_genuine_revision_candidate,0.0,0.0,1.0,1.0,0.0,,,,1.0,0.0,0.0,0.0,-1.0,0.5,0.5
stationary,0.6,4,5,"{""A_genuine_revision_candidate"": 5}",A_genuine_revision_candidate,0.0,0.0,1.0,1.0,0.0,,,,1.0,0.0,0.0,0.0,-1.0,0.5,0.5
stationary,0.6,8,5,"{""A_genuine_revision_candidate"": 5}",A_genuine_revision_candidate,0.0,0.0,1.0,1.0,0.0,,,,1.0,0.0,0.0,0.0,-1.0,0.5,0.5
stationary,0.6,16,5,"{""A_genuine_revision_candidate"": 5}",A_genuine_revision_candidate,0.0,0.0,1.0,1.0,0.0,,,,1.0,0.0,0.0,0.0,-1.0,0.5,0.5
stationary,0.7,1,5,"{""A_genuine_revision_candidate"": 5}",A_genuine_revision_candidate,0.0,0.0,1.0,1.0,0.0,,,,1.0,0.0,0.0,0.0,-1.0,0.5,0.5
stationary,0.7,2,5,"{""A_genuine_revision_candidate"": 5}",A_genuine_revision_candidate,0.0,0.0,1.0,1.0,0.0,,,,1.0,0.0,0.0,0.0,-1.0,0.5,0.5
stationary,0.7,3,5,"{""A_genuine_revision_candidate"": 5}",A_genuine_revision_candidate,0.0,0.0,1.0,1.0,0.0,,,,1.0,0.0,0.0,0.0,-1.0,0.5,0.5
stationary,0.7,4,5,"{""A_genuine_revision_candidate"": 5}",A_genuine_revision_candidate,0.0,0.0,1.0,1.0,0.0,,,,1.0,0.0,0.0,0.0,-1.0,0.5,0.5
stationary,0.7,8,5,"{""A_genuine_revision_candidate"": 5}",A_genuine_revision_candidate,0.0,0.0,1.0,1.0,0.0,,,,1.0,0.0,0.0,0.0,-1.0,0.5,0.5
stationary,0.7,16,5,"{""A_genuine_revision_candidate"": 5}",A_genuine_revision_candidate,0.0,0.0,1.0,1.0,0.0,,,,1.0,0.0,0.0,0.0,-1.0,0.5,0.5
stationary,0.75,1,5,"{""A_genuine_revision_candidate"": 5}",A_genuine_revision_candidate,0.0,0.0,1.0,1.0,0.0,,,,1.0,0.0,0.0,0.0,-1.0,0.5,0.5
stationary,0.75,2,5,"{""A_genuine_revision_candidate"": 5}",A_genuine_revision_candidate,0.0,0.0,1.0,1.0,0.0,,,,1.0,0.0,0.0,0.0,-1.0,0.5,0.5
stationary,0.75,3,5,"{""A_genuine_revision_candidate"": 5}",A_genuine_revision_candidate,0.0,0.0,1.0,1.0,0.0,,,,1.0,0.0,0.0,0.0,-1.0,0.5,0.5
stationary,0.75,4,5,"{""A_genuine_revision_candidate"": 5}",A_genuine_revision_candidate,0.0,0.0,1.0,1.0,0.0,,,,1.0,0.0,0.0,0.0,-1.0,0.5,0.5
stationary,0.75,8,5,"{""A_genuine_revision_candidate"": 5}",A_genuine_revision_candidate,0.0,0.0,1.0,1.0,0.0,,,,1.0,0.0,0.0,0.0,-1.0,0.5,0.5
stationary,0.75,16,5,"{""A_genuine_revision_candidate"": 5}",A_genuine_revision_candidate,0.0,0.0,1.0,1.0,0.0,,,,1.0,0.0,0.0,0.0,-1.0,0.5,0.5
stationary,0.8,1,5,"{""A_genuine_revision_candidate"": 5}",A_genuine_revision_candidate,0.0,0.0,1.0,1.0,0.0,,,,1.0,0.0,0.0,0.0,-1.0,0.5,0.5
stationary,0.8,2,5,"{""A_genuine_revision_candidate"": 5}",A_genuine_revision_candidate,0.0,0.0,1.0,1.0,0.0,,,,1.0,0.0,0.0,0.0,-1.0,0.5,0.5
stationary,0.8,3,5,"{""A_genuine_revision_candidate"": 5}",A_genuine_revision_candidate,0.0,0.0,1.0,1.0,0.0,,,,1.0,0.0,0.0,0.0,-1.0,0.5,0.5
stationary,0.8,4,5,"{""A_genuine_revision_candidate"": 5}",A_genuine_revision_candidate,0.0,0.0,1.0,1.0,0.0,,,,1.0,0.0,0.0,0.0,-1.0,0.5,0.5
stationary,0.8,8,5,"{""A_genuine_revision_candidate"": 5}",A_genuine_revision_candidate,0.0,0.0,1.0,1.0,0.0,,,,1.0,0.0,0.0,0.0,-1.0,0.5,0.5
stationary,0.8,16,5,"{""A_genuine_revision_candidate"": 5}",A_genuine_revision_candidate,0.0,0.0,1.0,1.0,0.0,,,,1.0,0.0,0.0,0.0,-1.0,0.5,0.5
stationary,0.9,1,5,"{""A_genuine_revision_candidate"": 5}",A_genuine_revision_candidate,0.0,0.0,1.0,1.0,0.0,,,,1.0,0.0,0.0,0.0,-1.0,0.5,0.5
stationary,0.9,2,5,"{""A_genuine_revision_candidate"": 5}",A_genuine_revision_candidate,0.0,0.0,1.0,1.0,0.0,,,,1.0,0.0,0.0,0.0,-1.0,0.5,0.5
stationary,0.9,3,5,"{""A_genuine_revision_candidate"": 5}",A_genuine_revision_candidate,0.0,0.0,1.0,1.0,0.0,,,,1.0,0.0,0.0,0.0,-1.0,0.5,0.5
stationary,0.9,4,5,"{""A_genuine_revision_candidate"": 5}",A_genuine_revision_candidate,0.0,0.0,1.0,1.0,0.0,,,,1.0,0.0,0.0,0.0,-1.0,0.5,0.5
stationary,0.9,8,5,"{""A_genuine_revision_candidate"": 5}",A_genuine_revision_candidate,0.0,0.0,1.0,1.0,0.0,,,,1.0,0.0,0.0,0.0,-1.0,0.5,0.5
stationary,0.9,16,5,"{""A_genuine_revision_candidate"": 5}",A_genuine_revision_candidate,0.0,0.0,1.0,1.0,0.0,,,,1.0,0.0,0.0,0.0,-1.0,0.5,0.5
stationary,1.0,1,5,"{""A_genuine_revision_candidate"": 5}",A_genuine_revision_candidate,0.0,0.0,1.0,1.0,0.0,,,,1.0,0.0,0.0,0.0,-1.0,0.5,0.5
stationary,1.0,2,5,"{""A_genuine_revision_candidate"": 5}",A_genuine_revision_candidate,0.0,0.0,1.0,1.0,0.0,,,,1.0,0.0,0.0,0.0,-1.0,0.5,0.5
stationary,1.0,3,5,"{""A_genuine_revision_candidate"": 5}",A_genuine_revision_candidate,0.0,0.0,1.0,1.0,0.0,,,,1.0,0.0,0.0,0.0,-1.0,0.5,0.5
stationary,1.0,4,5,"{""A_genuine_revision_candidate"": 5}",A_genuine_revision_candidate,0.0,0.0,1.0,1.0,0.0,,,,1.0,0.0,0.0,0.0,-1.0,0.5,0.5
stationary,1.0,8,5,"{""A_genuine_revision_candidate"": 5}",A_genuine_revision_candidate,0.0,0.0,1.0,1.0,0.0,,,,1.0,0.0,0.0,0.0,-1.0,0.5,0.5
stationary,1.0,16,5,"{""A_genuine_revision_candidate"": 5}",A_genuine_revision_candidate,0.0,0.0,1.0,1.0,0.0,,,,1.0,0.0,0.0,0.0,-1.0,0.5,0.5
