graph_id,tol,step,belief_before,input_value,accepted,belief_after
uniform_n20_tol0.051,0.051,1,1.0,0.95,True,0.95
uniform_n20_tol0.051,0.051,2,0.95,0.9,True,0.9
uniform_n20_tol0.051,0.051,3,0.9,0.85,True,0.85
uniform_n20_tol0.051,0.051,4,0.85,0.8,True,0.8
uniform_n20_tol0.051,0.051,5,0.8,0.75,True,0.75
uniform_n20_tol0.051,0.051,6,0.75,0.7,True,0.7
uniform_n20_tol0.051,0.051,7,0.7,0.65,True,0.65
uniform_n20_tol0.051,0.051,8,0.65,0.6,True,0.6
uniform_n20_tol0.051,0.051,9,0.6,0.55,True,0.55
uniform_n20_tol0.051,0.051,10,0.55,0.5,True,0.5
uniform_n20_tol0.051,0.051,11,0.5,0.45,True,0.45
uniform_n20_tol0.051,0.051,12,0.45,0.4,True,0.4
uniform_n20_tol0.051,0.051,13,0.4,0.35,True,0.35
uniform_n20_tol0.051,0.051,14,0.35,0.3,True,0.3
uniform_n20_tol0.051,0.051,15,0.3,0.25,True,0.25
uniform_n20_tol0.051,0.051,16,0.25,0.2,True,0.2
uniform_n20_tol0.051,0.051,17,0.2,0.15,True,0.15
uniform_n20_tol0.051,0.051,18,0.15,0.1,True,0.1
uniform_n20_tol0.051,0.051,19,0.1,0.05,True,0.05
uniform_n20_tol0.051,0.051,20,0.05,0.0,True,0.0
uniform_n40_tol0.049,0.049,1,1.0,0.975,True,0.975
uniform_n40_tol0.049,0.049,2,0.975,0.95,True,0.95
uniform_n40_tol0.049,0.049,3,0.95,0.925,True,0.925
uniform_n40_tol0.049,0.049,4,0.925,0.9,True,0.9
uniform_n40_tol0.049,0.049,5,0.9,0.875,True,0.875
uniform_n40_tol0.049,0.049,6,0.875,0.85,True,0.85
uniform_n40_tol0.049,0.049,7,0.85,0.825,True,0.825
uniform_n40_tol0.049,0.049,8,0.825,0.8,True,0.8
uniform_n40_tol0.049,0.049,9,0.8,0.775,True,0.775
uniform_n40_tol0.049,0.049,10,0.775,0.75,True,0.75
uniform_n40_tol0.049,0.049,11,0.75,0.725,True,0.725
uniform_n40_tol0.049,0.049,12,0.725,0.7,True,0.7
uniform_n40_tol0.049,0.049,13,0.7,0.675,True,0.675
uniform_n40_tol0.049,0.049,14,0.675,0.65,True,0.65
uniform_n40_tol0.049,0.049,15,0.65,0.625,True,0.625
uniform_n40_tol0.049,0.049,16,0.625,0.6,True,0.6
uniform_n40_tol0.049,0.049,17,0.6,0.575,True,0.575
uniform_n40_tol0.049,0.049,18,0.575,0.55,True,0.55
uniform_n40_tol0.049,0.049,19,0.55,0.525,True,0.525
uniform_n40_tol0.049,0.049,20,0.525,0.5,True,0.5
uniform_n40_tol0.049,0.049,21,0.5,0.475,True,0.475
uniform_n40_tol0.049,0.049,22,0.475,0.45,True,0.45
uniform_n40_tol0.049,0.049,23,0.45,0.425,True,0.425
uniform_n40_tol0.049,0.049,24,0.425,0.4,True,0.4
uniform_n40_tol0.049,0.049,25,0.4,0.375,True,0.375
uniform_n40_tol0.049,0.049,26,0.375,0.35,True,0.35
uniform_n40_tol0.049,0.049,27,0.35,0.325,True,0.325
uniform_n40_tol0.049,0.049,28,0.325,0.3,True,0.3
uniform_n40_tol0.049,0.049,29,0.3,0.275,True,0.275
uniform_n40_tol0.049,0.049,30,0.275,0.25,True,0.25
uniform_n40_tol0.049,0.049,31,0.25,0.225,True,0.225
uniform_n40_tol0.049,0.049,32,0.225,0.2,True,0.2
uniform_n40_tol0.049,0.049,33,0.2,0.175,True,0.175
uniform_n40_tol0.049,0.049,34,0.175,0.15,True,0.15
uniform_n40_tol0.049,0.049,35,0.15,0.125,True,0.125
uniform_n40_tol0.049,0.049,36,0.125,0.1,True,0.1
uniform_n40_tol0.049,0.049,37,0.1,0.075,True,0.075
uniform_n40_tol0.049,0.049,38,0.075,0.05,True,0.05
uniform_n40_tol0.049,0.049,39,0.05,0.025,True,0.025
uniform_n40_tol0.049,0.049,40,0.025,0.0,True,0.0
uniform_n40_tol0.05,0.05,1,1.0,0.975,True,0.975
uniform_n40_tol0.05,0.05,2,0.975,0.925,True,0.925
uniform_n40_tol0.05,0.05,3,0.925,0.9,True,0.9
uniform_n40_tol0.05,0.05,4,0.9,0.875,True,0.875
uniform_n40_tol0.05,0.05,5,0.875,0.85,True,0.85
uniform_n40_tol0.05,0.05,6,0.85,0.8,True,0.8
uniform_n40_tol0.05,0.05,7,0.8,0.775,True,0.775
uniform_n40_tol0.05,0.05,8,0.775,0.75,True,0.75
uniform_n40_tol0.05,0.05,9,0.75,0.725,True,0.725
uniform_n40_tol0.05,0.05,10,0.725,0.675,True,0.675
uniform_n40_tol0.05,0.05,11,0.675,0.65,True,0.65
uniform_n40_tol0.05,0.05,12,0.65,0.625,True,0.625
uniform_n40_tol0.05,0.05,13,0.625,0.6,True,0.6
uniform_n40_tol0.05,0.05,14,0.6,0.55,True,0.55
uniform_n40_tol0.05,0.05,15,0.55,0.525,True,0.525
uniform_n40_tol0.05,0.05,16,0.525,0.5,True,0.5
uniform_n40_tol0.05,0.05,17,0.5,0.45,True,0.45
uniform_n40_tol0.05,0.05,18,0.45,0.4,True,0.4
uniform_n40_tol0.05,0.05,19,0.4,0.375,True,0.375
uniform_n40_tol0.05,0.05,20,0.375,0.325,True,0.325
uniform_n40_tol0.05,0.05,21,0.325,0.275,True,0.275
uniform_n40_tol0.05,0.05,22,0.275,0.25,True,0.25
uniform_n40_tol0.05,0.05,23,0.25,0.2,True,0.2
uniform_n40_tol0.05,0.05,24,0.2,0.175,True,0.175
uniform_n40_tol0.05,0.05,25,0.175,0.125,True,0.125
uniform_n40_tol0.05,0.05,26,0.125,0.075,True,0.075
uniform_n40_tol0.05,0.05,27,0.075,0.025,True,0.025
uniform_n40_tol0.05,0.05,28,0.025,0.0,True,0.0
uniform_n40_tol0.051,0.051,1,1.0,0.95,True,0.95
uniform_n40_tol0.051,0.051,2,0.95,0.9,True,0.9
uniform_n40_tol0.051,0.051,3,0.9,0.85,True,0.85
uniform_n40_tol0.051,0.051,4,0.85,0.8,True,0.8
uniform_n40_tol0.051,0.051,5,0.8,0.75,True,0.75
uniform_n40_tol0.051,0.051,6,0.75,0.7,True,0.7
uniform_n40_tol0.051,0.051,7,0.7,0.65,True,0.65
uniform_n40_tol0.051,0.051,8,0.65,0.6,True,0.6
uniform_n40_tol0.051,0.051,9,0.6,0.55,True,0.55
uniform_n40_tol0.051,0.051,10,0.55,0.5,True,0.5
uniform_n40_tol0.051,0.051,11,0.5,0.45,True,0.45
uniform_n40_tol0.051,0.051,12,0.45,0.4,True,0.4
uniform_n40_tol0.051,0.051,13,0.4,0.35,True,0.35
uniform_n40_tol0.051,0.051,14,0.35,0.3,True,0.3
uniform_n40_tol0.051,0.051,15,0.3,0.25,True,0.25
uniform_n40_tol0.051,0.051,16,0.25,0.2,True,0.2
uniform_n40_tol0.051,0.051,17,0.2,0.15,True,0.15
uniform_n40_tol0.051,0.051,18,0.15,0.1,True,0.1
uniform_n40_tol0.051,0.051,19,0.1,0.05,True,0.05
uniform_n40_tol0.051,0.051,20,0.05,0.0,True,0.0
uniform_n80_tol0.049,0.049,1,1.0,0.9625,True,0.9625
uniform_n80_tol0.049,0.049,2,0.9625,0.925,True,0.925
uniform_n80_tol0.049,0.049,3,0.925,0.8875,True,0.8875
uniform_n80_tol0.049,0.049,4,0.8875,0.85,True,0.85
uniform_n80_tol0.049,0.049,5,0.85,0.8125,True,0.8125
uniform_n80_tol0.049,0.049,6,0.8125,0.775,True,0.775
uniform_n80_tol0.049,0.049,7,0.775,0.7375,True,0.7375
uniform_n80_tol0.049,0.049,8,0.7375,0.7,True,0.7
uniform_n80_tol0.049,0.049,9,0.7,0.6625,True,0.6625
uniform_n80_tol0.049,0.049,10,0.6625,0.625,True,0.625
uniform_n80_tol0.049,0.049,11,0.625,0.5875,True,0.5875
uniform_n80_tol0.049,0.049,12,0.5875,0.55,True,0.55
uniform_n80_tol0.049,0.049,13,0.55,0.5125,True,0.5125
uniform_n80_tol0.049,0.049,14,0.5125,0.475,True,0.475
uniform_n80_tol0.049,0.049,15,0.475,0.4375,True,0.4375
uniform_n80_tol0.049,0.049,16,0.4375,0.4,True,0.4
uniform_n80_tol0.049,0.049,17,0.4,0.3625,True,0.3625
uniform_n80_tol0.049,0.049,18,0.3625,0.325,True,0.325
uniform_n80_tol0.049,0.049,19,0.325,0.2875,True,0.2875
uniform_n80_tol0.049,0.049,20,0.2875,0.25,True,0.25
uniform_n80_tol0.049,0.049,21,0.25,0.2125,True,0.2125
uniform_n80_tol0.049,0.049,22,0.2125,0.175,True,0.175
uniform_n80_tol0.049,0.049,23,0.175,0.1375,True,0.1375
uniform_n80_tol0.049,0.049,24,0.1375,0.1,True,0.1
uniform_n80_tol0.049,0.049,25,0.1,0.0625,True,0.0625
uniform_n80_tol0.049,0.049,26,0.0625,0.025,True,0.025
uniform_n80_tol0.049,0.049,27,0.025,0.0,True,0.0
uniform_n80_tol0.05,0.05,1,1.0,0.9625,True,0.9625
uniform_n80_tol0.05,0.05,2,0.9625,0.925,True,0.925
uniform_n80_tol0.05,0.05,3,0.925,0.8875,True,0.8875
uniform_n80_tol0.05,0.05,4,0.8875,0.8375,True,0.8375
uniform_n80_tol0.05,0.05,5,0.8375,0.8,True,0.8
uniform_n80_tol0.05,0.05,6,0.8,0.7625,True,0.7625
uniform_n80_tol0.05,0.05,7,0.7625,0.7125,True,0.7125
uniform_n80_tol0.05,0.05,8,0.7125,0.675,True,0.675
uniform_n80_tol0.05,0.05,9,0.675,0.6375,True,0.6375
uniform_n80_tol0.05,0.05,10,0.6375,0.5875,True,0.5875
uniform_n80_tol0.05,0.05,11,0.5875,0.55,True,0.55
uniform_n80_tol0.05,0.05,12,0.55,0.5125,True,0.5125
uniform_n80_tol0.05,0.05,13,0.5125,0.4625,True,0.4625
uniform_n80_tol0.05,0.05,14,0.4625,0.425,True,0.425
uniform_n80_tol0.05,0.05,15,0.425,0.375,True,0.375
uniform_n80_tol0.05,0.05,16,0.375,0.325,True,0.325
uniform_n80_tol0.05,0.05,17,0.325,0.275,True,0.275
uniform_n80_tol0.05,0.05,18,0.275,0.2375,True,0.2375
uniform_n80_tol0.05,0.05,19,0.2375,0.1875,True,0.1875
uniform_n80_tol0.05,0.05,20,0.1875,0.1375,True,0.1375
uniform_n80_tol0.05,0.05,21,0.1375,0.1,True,0.1
uniform_n80_tol0.05,0.05,22,0.1,0.05,True,0.05
uniform_n80_tol0.05,0.05,23,0.05,0.0,True,0.0
uniform_n80_tol0.051,0.051,1,1.0,0.95,True,0.95
uniform_n80_tol0.051,0.051,2,0.95,0.9,True,0.9
uniform_n80_tol0.051,0.051,3,0.9,0.85,True,0.85
uniform_n80_tol0.051,0.051,4,0.85,0.8,True,0.8
uniform_n80_tol0.051,0.051,5,0.8,0.75,True,0.75
uniform_n80_tol0.051,0.051,6,0.75,0.7,True,0.7
uniform_n80_tol0.051,0.051,7,0.7,0.65,True,0.65
uniform_n80_tol0.051,0.051,8,0.65,0.6,True,0.6
uniform_n80_tol0.051,0.051,9,0.6,0.55,True,0.55
uniform_n80_tol0.051,0.051,10,0.55,0.5,True,0.5
uniform_n80_tol0.051,0.051,11,0.5,0.45,True,0.45
uniform_n80_tol0.051,0.051,12,0.45,0.4,True,0.4
uniform_n80_tol0.051,0.051,13,0.4,0.35,True,0.35
uniform_n80_tol0.051,0.051,14,0.35,0.3,True,0.3
uniform_n80_tol0.051,0.051,15,0.3,0.25,True,0.25
uniform_n80_tol0.051,0.051,16,0.25,0.2,True,0.2
uniform_n80_tol0.051,0.051,17,0.2,0.15,True,0.15
uniform_n80_tol0.051,0.051,18,0.15,0.1,True,0.1
uniform_n80_tol0.051,0.051,19,0.1,0.05,True,0.05
uniform_n80_tol0.051,0.051,20,0.05,0.0,True,0.0
witness_augmented_n40_tol0.05,0.05,1,1.0,0.9500000000000001,True,0.9500000000000001
witness_augmented_n40_tol0.05,0.05,2,0.9500000000000001,0.9000000000000001,True,0.9000000000000001
witness_augmented_n40_tol0.05,0.05,3,0.9000000000000001,0.8500000000000002,True,0.8500000000000002
witness_augmented_n40_tol0.05,0.05,4,0.8500000000000002,0.8000000000000003,True,0.8000000000000003
witness_augmented_n40_tol0.05,0.05,5,0.8000000000000003,0.7500000000000003,True,0.7500000000000003
witness_augmented_n40_tol0.05,0.05,6,0.7500000000000003,0.7000000000000004,True,0.7000000000000004
witness_augmented_n40_tol0.05,0.05,7,0.7000000000000004,0.6500000000000005,True,0.6500000000000005
witness_augmented_n40_tol0.05,0.05,8,0.6500000000000005,0.6000000000000005,True,0.6000000000000005
witness_augmented_n40_tol0.05,0.05,9,0.6000000000000005,0.5500000000000006,True,0.5500000000000006
witness_augmented_n40_tol0.05,0.05,10,0.5500000000000006,0.5000000000000007,True,0.5000000000000007
witness_augmented_n40_tol0.05,0.05,11,0.5000000000000007,0.4500000000000007,True,0.4500000000000007
witness_augmented_n40_tol0.05,0.05,12,0.4500000000000007,0.4000000000000007,True,0.4000000000000007
witness_augmented_n40_tol0.05,0.05,13,0.4000000000000007,0.3500000000000007,True,0.3500000000000007
witness_augmented_n40_tol0.05,0.05,14,0.3500000000000007,0.3000000000000007,True,0.3000000000000007
witness_augmented_n40_tol0.05,0.05,15,0.3000000000000007,0.2500000000000007,True,0.2500000000000007
witness_augmented_n40_tol0.05,0.05,16,0.2500000000000007,0.20000000000000073,True,0.20000000000000073
witness_augmented_n40_tol0.05,0.05,17,0.20000000000000073,0.15000000000000074,True,0.15000000000000074
witness_augmented_n40_tol0.05,0.05,18,0.15000000000000074,0.10000000000000074,True,0.10000000000000074
witness_augmented_n40_tol0.05,0.05,19,0.10000000000000074,0.05000000000000074,True,0.05000000000000074
witness_augmented_n40_tol0.05,0.05,20,0.05000000000000074,7.320533068622126e-16,True,7.320533068622126e-16
witness_augmented_n40_tol0.05,0.05,21,7.320533068622126e-16,0.0,True,0.0
